ID,m1,m2,m3,m4,m5,m6,m7,m8,m9,m10,m11,m12,m13,m14,m15,m16,m17,m18,m19,m20,m21,m22,m23,m24,m25,m26,m27,m28,m29,m30,m31,m32,m33,m34,m35,m36,m37,m38,m39,m40,m41,m42,m43,m44,m45,m46,m47,m48,m49,m50,m51,m52,m53,m54,m55,m56,m57,m58,m59,m60,m61,m62,m63,m64,m65,m66,m67,m68,m69,m70,m71,m72,m73,m74,m75,m76,m77,m78,m79,m80,m81,m82,m83,m84,m85,m86,m87,m88,m89,m90,m91,m92,m93,m94,m95,m96,m97,m98,m99,m100,m101,m102,m103,m104,m105,m106,m107,m108,m109,m110,m111,m112,m113,m114,m115,m116,m117,m118,m119,m120,m121,m122,m123,m124,m125,m126,m127,m128,m129,m130,m131,m132,m133,m134,m135,m136,m137,m138,m139,m140,m141,m142,m143,m144,m145,m146,m147,m148,m149,m150,m151,m152,m153,m154,m155,m156,m157,m158,m159,m160,m161,m162,m163,m164,m165,m166,m167,m168,m169,m170,m171,m172,m173,m174,m175,m176,m177,m178,m179,m180,m181,m182,m183,m184,m185,m186,m187,m188,m189,m190,m191,m192,m193,m194,m195,m196,m197,m198,m199,m200
401,1,1,1,0,1,1,2,1,2,1,2,0,2,0,2,0,2,0,2,1,1,0,1,2,2,0,1,1,0,2,0,1,1,0,2,1,1,1,0,1,0,1,1,1,2,2,1,2,1,2,0,1,2,0,2,0,1,2,1,1,1,1,1,0,1,0,1,1,0,1,1,1,1,1,2,1,1,1,1,2,1,2,0,2,1,0,1,2,1,1,2,0,0,1,0,2,2,1,0,2,1,2,1,2,1,1,2,1,1,1,1,0,2,2,2,0,1,1,2,1,1,2,1,2,1,1,0,2,0,2,2,0,0,1,0,1,1,1,0,2,1,1,0,1,0,2,2,2,0,1,1,1,1,0,1,1,1,1,0,1,1,2,0,2,1,0,2,1,0,1,2,0,1,2,1,0,0,1,1,1,0,1,0,1,2,0,1,1,2,0,2,1,2,0,2,1,1,0,1,1
402,1,1,1,0,1,2,2,0,2,0,2,1,1,0,2,1,2,1,1,1,1,1,1,1,1,0,1,1,1,1,0,1,0,0,1,2,0,1,0,1,1,2,1,2,1,1,0,1,0,2,0,1,1,1,2,0,0,2,1,0,1,0,1,1,1,0,2,2,1,1,1,1,2,1,1,0,1,1,1,2,1,1,1,2,0,1,2,2,2,1,2,1,0,0,1,1,1,1,1,1,2,2,0,2,0,1,1,1,1,1,1,0,2,1,1,1,2,2,2,0,2,1,0,1,1,2,0,1,1,2,1,0,0,1,0,2,0,0,0,1,1,2,1,1,0,1,1,1,0,1,1,1,1,1,1,0,2,2,0,0,2,2,1,1,2,0,1,1,1,1,2,0,0,1,2,1,0,1,2,2,1,1,1,1,2,0,1,1,2,1,1,0,2,1,1,1,1,0,1,1
403,2,2,1,1,2,1,1,1,1,2,0,0,2,1,1,0,2,1,0,1,2,1,1,1,1,1,1,2,1,0,2,1,0,2,1,0,1,0,2,0,1,1,1,1,0,0,1,1,0,0,1,0,1,1,0,1,1,0,0,1,2,1,1,0,0,1,1,0,0,2,2,1,1,1,1,0,1,1,1,1,0,1,2,1,2,1,2,2,2,0,1,1,1,1,2,2,0,2,1,1,0,0,0,1,1,1,0,2,1,0,0,0,1,1,2,0,1,1,1,2,2,1,1,1,0,1,0,2,0,1,1,1,2,0,1,2,2,0,0,0,0,1,2,2,1,0,1,2,1,0,1,1,1,2,1,0,1,2,0,0,1,1,1,0,1,0,1,0,0,2,1,0,0,2,0,1,1,2,0,0,1,1,0,2,0,1,2,0,0,2,2,0,2,1,2,0,0,2,1,2
404,1,1,0,1,1,1,1,2,1,0,0,1,1,2,1,2,2,0,2,1,1,1,1,2,2,1,1,1,2,1,2,1,0,1,0,1,1,0,2,1,2,1,2,2,2,0,2,0,1,1,1,1,1,0,2,0,2,1,1,1,2,1,2,0,1,0,1,0,1,1,0,1,0,1,0,1,2,1,1,1,2,1,1,0,0,1,2,2,1,2,2,1,0,1,0,1,0,2,0,1,0,2,1,2,1,1,2,1,1,1,2,2,1,1,1,1,2,2,2,1,0,1,2,1,1,2,0,1,1,2,1,1,1,1,1,2,1,2,0,1,1,2,0,0,1,1,2,1,0,2,1,1,1,1,1,0,0,0,1,2,2,2,2,0,0,2,1,2,1,1,0,2,2,0,1,0,2,1,2,0,1,2,1,2,1,1,0,2,2,1,0,2,1,1,1,2,1,1,1,0
405,2,0,1,1,1,1,2,0,1,0,0,1,1,2,0,1,1,1,1,2,0,0,1,1,0,2,1,0,0,1,2,1,2,0,0,1,1,0,1,1,0,0,0,2,0,1,1,1,1,0,0,1,1,2,1,2,0,0,1,2,1,1,1,2,1,2,2,2,0,0,1,1,2,0,2,0,1,0,2,0,2,0,2,0,0,1,0,2,0,2,1,1,0,1,1,1,0,1,0,0,2,2,1,1,1,0,2,2,1,2,1,1,2,0,2,2,0,1,0,1,1,1,0,2,1,2,1,0,1,0,2,0,1,1,2,1,1,2,0,2,1,0,1,2,1,2,1,1,2,1,2,1,1,1,0,2,2,2,1,1,1,2,0,0,2,1,1,2,1,1,1,1,1,1,1,0,2,0,0,1,1,1,1,0,1,0,2,0,1,0,1,1,0,1,1,0,0,2,1,1
406,2,1,1,1,1,0,0,2,1,2,1,0,0,1,0,1,0,2,0,1,1,1,2,1,0,1,0,1,1,2,2,1,1,2,0,2,1,1,1,2,0,0,1,2,1,1,2,1,0,1,1,1,1,1,1,1,1,1,0,1,2,1,2,2,1,2,2,0,0,1,0,0,1,0,2,2,2,1,1,1,0,2,2,1,1,2,1,1,1,2,1,2,1,1,0,2,0,1,1,2,2,0,2,0,1,1,2,2,0,0,1,0,1,2,2,1,0,1,1,0,2,1,2,1,1,1,1,1,1,0,2,1,1,0,1,1,1,0,2,1,1,2,1,1,1,1,0,1,2,0,0,2,1,2,2,0,1,1,0,1,1,2,2,1,0,1,0,1,1,0,1,2,0,1,0,1,0,0,0,1,0,0,1,2,2,1,0,0,0,0,1,1,1,1,1,0,1,0,1,1
407,1,1,1,1,1,1,1,1,1,1,2,1,1,2,2,1,0,1,0,2,2,2,2,0,2,0,2,1,1,0,1,1,1,0,1,1,1,0,2,1,1,1,2,0,0,1,2,1,2,1,1,1,1,2,0,1,1,0,1,1,1,1,2,1,1,1,2,1,1,1,1,1,0,0,0,0,2,1,2,1,0,0,1,0,1,2,1,1,1,1,0,0,1,1,1,2,1,1,1,0,1,2,2,1,1,0,1,2,1,1,2,0,1,1,0,1,1,2,2,1,2,1,2,0,1,2,1,2,1,2,0,2,1,0,2,1,1,2,1,1,0,1,1,2,2,1,2,0,2,1,1,2,2,1,2,1,1,0,1,0,1,0,1,0,1,2,0,1,2,0,1,1,0,1,1,1,2,2,2,2,1,0,1,2,1,0,0,1,2,2,2,2,1,1,0,0,0,1,0,0
408,2,0,1,0,1,0,2,1,1,1,1,1,0,2,1,2,2,0,0,1,0,0,1,2,0,2,1,0,0,0,1,2,2,1,0,0,2,1,1,1,0,1,0,2,1,0,2,2,1,0,1,1,0,1,1,1,1,0,1,1,2,1,1,1,1,2,2,2,1,1,0,0,2,0,1,1,2,1,1,1,2,0,2,1,1,0,1,1,0,1,1,1,0,1,2,2,0,0,1,0,2,1,0,0,0,1,1,1,0,1,1,1,1,1,1,1,0,1,1,2,0,0,1,2,1,1,0,0,2,1,1,1,1,1,1,0,2,1,0,2,0,0,1,2,1,1,1,1,1,1,2,0,1,1,1,1,1,2,1,1,1,1,0,1,2,1,0,1,1,1,2,1,0,1,0,0,1,0,0,2,0,2,1,1,1,0,2,1,2,1,0,2,0,0,1,0,0,1,1,1
409,0,1,2,2,1,1,1,2,1,0,2,1,1,2,1,0,0,1,1,0,1,1,1,2,1,2,0,2,2,1,2,0,1,1,2,1,1,1,1,1,1,0,2,1,1,1,2,0,2,1,0,0,1,2,0,2,1,2,1,1,1,2,2,2,2,1,1,1,2,1,1,2,1,1,2,1,1,1,1,1,1,1,1,2,1,0,1,2,1,0,1,2,0,1,1,1,2,0,2,2,2,2,1,1,1,0,2,0,2,1,0,1,1,0,2,1,1,1,2,1,2,0,1,0,0,0,1,1,0,2,2,0,0,1,1,1,1,2,1,1,0,1,0,0,1,2,2,1,2,1,1,1,0,1,2,1,2,2,2,1,0,0,0,0,1,1,0,1,2,0,0,0,1,2,2,2,2,1,2,1,1,2,1,1,1,0,0,1,1,0,2,1,1,0,0,0,2,1,0,1
410,1,2,0,0,1,2,2,2,1,1,0,1,2,1,1,1,1,0,0,0,1,0,1,2,0,0,0,1,1,1,1,2,0,2,0,1,1,1,2,1,0,1,0,1,1,0,2,1,0,1,2,1,2,0,1,0,1,0,1,1,1,1,1,0,0,1,1,1,0,2,2,2,2,1,1,0,0,1,0,1,0,2,2,0,1,0,1,2,2,1,0,0,2,1,1,2,0,1,1,1,1,0,1,1,0,1,1,2,1,1,0,0,1,2,2,0,1,1,2,1,2,1,1,1,1,1,0,2,0,2,2,2,1,0,1,1,2,0,1,0,1,1,2,2,1,0,0,1,1,1,1,1,0,2,2,1,2,1,0,1,2,1,2,0,0,0,1,0,0,1,1,0,1,2,0,2,1,2,0,1,2,0,0,2,1,2,1,0,0,2,2,1,2,2,1,0,1,2,1,2
411,2,0,2,1,0,0,1,1,1,1,1,0,0,2,2,2,1,0,1,2,2,1,1,1,1,1,2,2,1,0,1,0,1,0,0,1,1,1,2,1,2,1,2,0,1,1,1,1,1,0,2,0,1,1,0,0,1,0,1,2,0,1,1,0,2,1,1,1,2,0,1,2,0,0,1,0,2,1,2,1,1,0,1,1,1,2,2,2,1,0,0,1,1,0,1,1,0,1,0,0,1,2,1,0,1,0,1,2,1,0,1,1,2,1,0,1,2,1,1,1,1,1,1,1,1,1,2,1,2,1,0,2,2,1,2,2,0,1,1,0,1,0,0,1,2,1,2,0,2,1,1,1,1,0,1,1,2,0,2,0,2,0,1,1,2,2,1,1,2,0,2,2,0,1,1,1,1,2,2,2,1,1,2,1,1,1,0,2,1,1,2,1,1,0,1,1,0,2,1,0
412,2,1,0,2,1,0,0,1,2,2,1,2,1,0,0,2,2,0,2,0,1,1,1,1,0,1,0,2,2,2,0,1,0,2,0,2,1,1,0,1,0,0,0,2,2,1,2,1,0,1,2,2,0,0,1,0,0,1,2,2,1,1,1,0,1,1,2,1,2,2,1,1,1,1,1,1,1,1,0,2,1,1,1,2,0,0,2,1,0,2,1,1,1,2,2,1,2,0,2,1,1,0,0,2,1,0,0,2,1,0,1,2,0,1,1,2,2,0,1,0,1,1,2,1,1,0,2,2,2,2,0,1,1,2,2,2,2,2,1,2,1,1,0,2,1,2,1,1,0,2,2,0,1,1,2,2,0,2,0,0,2,1,1,1,0,0,1,0,1,1,0,0,2,1,2,2,1,2,2,0,0,0,2,2,2,1,1,1,2,1,0,0,0,2,1,2,2,2,1,0
413,1,2,0,0,0,1,0,1,0,2,2,0,1,1,1,2,0,1,0,1,0,1,2,2,1,1,0,1,0,1,1,0,1,1,0,1,2,2,2,1,0,1,1,2,1,1,1,0,1,0,1,2,1,1,1,0,1,2,1,1,2,2,1,1,2,1,1,0,0,1,0,0,2,0,1,2,1,0,1,1,0,1,1,0,1,1,1,0,1,2,1,2,2,1,1,1,0,0,1,2,1,0,2,1,2,0,2,2,0,0,1,1,0,2,2,1,1,1,1,0,1,1,1,1,1,0,2,0,1,0,2,1,2,1,1,2,1,1,1,1,1,1,1,2,2,2,1,1,1,1,1,2,1,1,1,1,1,0,0,2,0,1,2,1,1,0,0,1,0,0,0,2,1,0,1,2,1,1,0,2,0,0,0,2,2,1,1,1,1,1,1,1,1,1,2,0,1,0,1,0
414,0,1,1,1,1,2,1,1,0,0,1,1,2,1,0,1,1,1,1,1,1,1,1,2,1,0,1,1,2,2,1,0,0,2,1,2,1,0,1,1,1,1,2,2,1,1,1,1,1,1,1,1,2,1,2,2,1,0,0,2,0,1,1,0,2,0,2,2,2,2,2,1,0,1,0,1,1,1,1,1,1,2,1,0,0,0,1,2,1,1,1,0,2,0,2,1,1,1,2,0,1,1,0,1,2,2,1,0,2,1,0,2,1,0,0,2,2,1,0,0,0,1,1,0,1,1,0,1,2,2,1,1,1,1,0,1,0,1,1,1,1,1,2,1,1,1,2,1,0,1,0,1,1,2,0,1,2,1,1,1,0,0,2,1,1,0,2,0,1,1,1,2,1,1,1,1,2,1,1,2,0,1,0,0,2,2,1,1,1,2,1,1,2,1,2,1,1,1,0,2
415,2,2,1,0,1,0,0,2,1,0,1,0,1,2,2,1,1,1,1,1,1,2,0,1,1,2,1,2,1,1,1,1,1,0,1,1,0,1,0,0,2,0,2,1,0,0,1,2,0,0,0,0,0,0,1,1,1,2,1,1,0,1,0,0,0,2,1,1,2,0,0,1,1,2,1,2,1,2,1,2,1,1,1,2,1,1,0,1,1,2,2,1,2,1,2,0,1,1,0,1,1,2,2,1,1,2,2,2,1,1,0,1,2,2,0,0,1,2,1,1,1,2,2,0,2,1,1,1,2,2,0,2,1,1,1,2,1,0,2,1,0,1,1,2,0,1,1,2,1,1,2,0,1,2,1,1,2,0,0,0,1,1,2,2,1,0,0,1,2,1,0,1,2,1,1,0,0,2,1,2,1,1,2,1,2,2,0,1,0,0,2,1,0,0,1,1,1,1,1,0
416,0,1,2,1,0,2,2,1,0,0,1,2,1,1,0,1,0,1,2,1,1,2,0,2,2,1,1,0,1,2,0,0,1,1,2,1,2,0,1,2,2,1,2,1,0,1,1,2,1,0,0,0,1,0,2,2,1,1,1,1,1,2,0,0,2,1,1,1,2,2,1,1,1,2,1,2,2,2,2,2,1,2,0,0,1,1,0,1,1,2,1,1,2,1,1,1,0,1,1,0,2,1,1,1,2,2,0,0,2,1,0,1,1,0,0,2,2,0,1,0,0,1,1,0,1,0,1,2,2,2,0,0,2,2,1,0,1,2,1,1,2,1,2,1,1,1,1,0,0,0,1,0,1,1,0,1,2,1,1,1,0,0,1,1,0,0,2,0,2,0,0,1,1,1,1,1,1,1,1,1,0,0,1,1,2,1,2,1,1,2,1,1,2,1,2,1,1,0,1,2
417,2,2,1,2,0,0,1,2,1,1,0,2,2,0,1,2,1,1,2,0,0,0,2,1,0,2,1,1,2,1,0,1,1,2,0,1,1,2,0,1,0,1,1,2,1,2,1,1,0,2,2,1,0,0,1,0,1,1,1,1,2,1,0,0,1,0,2,1,1,1,2,2,2,2,2,1,1,2,0,1,1,2,2,1,1,0,1,2,1,2,0,1,0,2,2,1,2,0,2,1,0,1,0,2,1,0,1,2,2,1,0,1,1,1,1,2,1,0,1,0,1,0,1,2,0,1,1,2,2,2,0,2,1,1,2,2,2,2,0,2,1,1,0,2,1,1,1,2,1,1,1,1,2,2,2,2,1,2,1,0,2,1,1,1,0,1,1,0,1,1,0,0,1,1,2,1,1,2,1,1,1,1,1,1,2,1,1,0,2,1,0,1,0,1,0,1,1,2,1,0
418,1,1,1,1,0,1,0,2,1,1,0,1,2,2,0,2,2,1,2,0,1,0,0,2,1,0,2,0,1,0,1,1,0,2,0,0,1,0,2,0,1,2,1,1,2,1,1,1,0,2,1,1,2,0,2,0,1,1,1,1,2,2,2,1,1,0,1,0,1,1,1,1,1,1,1,1,2,1,0,0,2,0,2,0,1,1,2,2,2,2,2,0,1,1,1,1,1,2,1,1,0,1,2,1,1,1,1,0,1,1,1,1,1,1,2,1,2,2,1,2,1,2,1,1,1,2,1,1,1,2,1,2,2,2,2,2,2,2,1,0,2,1,0,0,0,1,1,0,0,2,1,2,0,1,1,0,1,1,2,2,1,1,2,0,0,1,1,2,1,2,0,2,2,0,2,1,1,2,2,0,1,1,1,1,1,1,0,2,2,0,0,2,1,0,1,2,1,1,2,1
419,0,0,2,1,2,1,1,1,1,0,2,2,2,1,2,0,0,0,2,1,2,1,0,1,2,1,0,1,1,1,2,0,2,0,1,2,0,2,0,1,2,1,1,0,1,0,1,0,1,1,1,0,1,2,1,1,1,2,1,1,0,1,2,2,1,1,1,2,2,0,0,1,0,1,1,2,2,1,2,0,1,1,1,1,1,0,2,2,1,1,1,2,1,1,0,1,2,1,1,2,2,2,2,1,1,0,2,0,2,1,1,0,1,1,2,2,2,0,2,1,2,1,1,0,0,0,0,2,1,1,1,1,1,1,0,1,0,1,0,1,0,0,1,1,1,1,1,1,2,0,0,1,1,1,2,1,1,1,2,1,0,1,0,1,1,0,1,2,2,1,1,1,1,1,2,2,2,1,1,0,0,2,1,2,2,1,0,1,1,0,2,0,1,0,0,0,2,1,0,1
420,2,2,2,1,0,1,0,2,2,0,1,1,1,1,1,1,1,1,1,0,1,1,1,1,1,1,0,2,0,1,2,1,0,0,1,2,0,1,1,0,1,1,2,2,1,0,0,1,0,0,1,0,1,1,1,0,1,2,0,1,1,2,0,1,0,1,1,1,1,0,0,1,1,2,1,1,0,1,1,2,2,1,1,2,2,0,1,2,2,2,2,2,1,1,2,1,2,1,0,2,1,2,1,0,1,1,1,1,0,2,1,2,1,1,1,0,1,2,1,0,1,1,1,1,1,0,2,1,2,2,1,1,1,0,2,1,0,0,2,1,1,1,2,2,1,2,1,1,1,2,2,1,1,1,1,2,2,1,1,0,1,2,2,2,0,1,1,2,2,2,1,1,2,0,1,0,0,2,1,2,1,0,2,1,1,1,1,0,1,0,1,0,1,1,1,2,1,1,2,0
421,1,0,2,2,1,1,0,2,0,1,1,1,2,2,1,1,1,1,2,0,2,0,0,2,1,1,1,1,1,1,1,1,1,1,1,1,0,1,1,0,1,1,1,0,1,1,1,1,1,1,0,1,1,1,1,1,1,1,1,0,2,2,2,2,1,0,1,0,2,1,2,1,2,1,2,0,1,2,0,1,1,1,1,1,1,0,1,2,1,1,2,1,1,1,2,1,2,1,2,1,1,1,1,1,0,0,1,0,1,0,0,1,2,0,2,1,1,2,1,1,2,1,1,0,0,1,2,1,0,2,2,1,1,2,2,2,2,2,2,1,1,1,0,0,1,2,1,1,1,1,0,2,0,1,2,1,2,2,2,2,0,0,1,0,1,0,1,2,1,1,0,1,1,1,2,1,2,1,2,0,1,2,2,2,1,1,0,2,2,0,1,1,2,0,0,1,2,0,1,1
422,1,1,1,1,0,1,1,1,2,1,1,1,2,0,1,1,2,0,2,0,1,0,2,1,1,1,0,1,1,2,0,1,0,1,1,2,1,2,0,1,0,1,0,2,2,2,1,2,0,2,1,2,1,0,1,0,0,1,2,1,2,1,1,0,0,0,2,2,1,2,1,1,2,2,2,1,0,1,1,2,2,2,1,2,0,0,2,2,1,1,1,0,0,1,1,2,2,1,1,1,1,1,0,2,0,1,1,1,1,1,1,1,1,2,2,1,2,1,1,0,2,1,1,2,1,1,1,2,1,2,1,1,1,1,1,2,1,1,0,2,1,2,0,1,0,2,1,2,0,2,2,1,2,1,2,1,1,2,0,0,2,1,1,2,1,0,2,0,1,2,1,0,1,2,2,1,0,2,2,1,0,0,1,2,2,0,1,1,2,1,1,0,1,1,2,1,2,1,1,0
423,0,1,1,0,0,2,1,0,1,1,2,0,2,0,2,1,1,1,1,0,1,0,2,2,1,0,0,1,0,2,1,1,0,1,1,2,1,2,1,2,0,1,1,1,2,1,2,1,1,1,1,1,1,0,2,0,2,2,0,2,1,2,1,1,2,1,1,0,0,1,1,1,1,0,2,2,2,1,1,2,0,2,1,1,1,1,2,1,1,1,2,1,1,0,0,2,1,1,1,2,2,1,1,1,1,1,2,1,0,1,1,0,1,2,2,1,1,2,1,0,2,2,1,2,2,1,1,1,1,1,2,0,1,0,1,2,0,1,0,2,1,1,0,1,1,2,1,1,1,1,1,2,2,1,2,0,2,1,0,1,1,2,1,2,1,0,1,0,0,1,1,1,0,1,1,1,0,1,1,2,0,0,0,2,2,0,0,0,1,0,1,0,1,1,2,0,2,0,1,0
424,1,0,2,0,1,1,2,1,2,1,2,2,1,1,2,1,1,0,1,1,1,1,0,1,1,1,0,0,0,0,1,1,2,1,0,1,1,2,1,1,1,2,0,1,2,0,1,1,0,1,2,1,1,1,2,0,1,1,0,1,1,0,2,1,1,1,1,2,2,1,0,0,1,1,0,2,2,2,1,1,1,1,1,1,1,0,2,1,0,1,1,2,1,0,1,1,1,1,1,1,2,1,1,1,0,1,1,0,1,0,2,0,1,2,1,1,1,0,2,1,1,1,2,1,0,0,0,1,2,1,0,2,2,2,0,1,1,0,0,1,0,0,0,1,0,1,2,2,1,0,1,0,1,0,2,0,0,1,1,1,1,2,0,1,1,0,1,2,1,2,1,1,0,1,1,1,2,0,0,1,0,2,1,1,2,1,1,0,1,0,1,1,0,0,0,0,1,2,0,1
425,1,1,1,2,1,1,2,0,2,0,1,1,1,2,2,1,1,1,1,2,2,1,1,1,1,1,2,1,2,0,0,1,0,0,1,2,0,1,2,0,1,0,2,0,1,0,1,0,1,1,1,1,0,1,0,1,2,0,0,1,1,0,1,1,1,0,1,0,1,1,0,1,0,0,1,0,2,0,2,2,1,0,0,1,2,2,1,1,2,1,0,1,2,1,2,1,1,0,1,0,0,2,1,1,0,0,2,2,0,1,1,1,1,0,0,0,1,1,1,2,1,2,1,1,2,2,1,2,1,2,0,2,1,0,2,1,1,2,1,1,0,1,1,2,2,1,2,0,2,1,1,2,2,1,2,1,1,0,1,0,1,0,1,0,1,2,0,1,2,0,1,1,0,1,1,1,2,2,2,2,1,0,1,2,1,0,0,1,2,2,2,2,1,1,0,0,0,1,0,0
426,2,1,1,1,0,1,0,2,0,2,1,1,1,2,0,2,1,1,1,0,0,0,1,2,1,0,1,1,1,1,2,0,0,2,0,1,2,1,2,1,1,1,1,2,2,0,2,0,0,1,2,1,1,0,2,0,2,2,1,2,2,2,2,1,2,1,1,0,0,2,0,1,1,1,1,2,2,0,1,1,1,1,2,1,0,2,1,2,2,2,1,1,0,1,0,1,0,2,0,2,1,1,2,0,0,1,1,1,0,0,1,0,2,1,2,1,1,1,1,1,2,1,1,0,0,2,1,2,0,1,2,2,1,1,1,1,1,1,2,1,2,1,0,0,0,1,0,1,1,1,0,2,0,1,2,0,1,2,1,1,1,1,2,0,0,1,1,2,1,1,1,2,1,1,1,0,1,1,1,0,1,1,2,2,1,2,0,1,1,0,1,2,1,0,1,1,1,0,2,2
427,1,0,1,1,2,2,2,0,2,0,1,2,2,1,1,0,0,1,2,2,1,1,0,0,1,1,0,0,0,1,2,0,2,0,0,2,0,1,1,1,1,0,1,1,0,1,1,0,1,0,0,1,1,2,1,2,1,1,1,1,0,1,2,2,2,2,2,2,1,0,1,2,1,0,2,1,1,0,2,0,2,0,2,1,1,0,1,2,0,2,2,1,1,1,1,1,1,1,0,1,2,2,1,1,0,0,2,1,1,1,1,1,2,1,2,2,1,1,1,1,1,1,1,1,1,1,0,1,2,0,1,1,1,1,1,1,1,1,0,2,0,0,2,2,2,1,0,0,2,1,1,1,1,2,1,2,2,1,1,1,1,2,0,1,1,0,1,2,1,2,2,2,1,0,1,1,2,1,0,1,0,2,1,1,2,1,1,0,1,0,1,0,0,1,1,0,1,2,1,2
428,1,2,1,1,1,1,0,0,1,2,1,0,2,0,1,1,1,1,0,2,1,2,1,1,2,2,1,1,1,0,1,0,1,1,1,0,2,1,2,0,1,1,2,1,0,1,0,1,1,0,0,1,1,2,0,1,0,1,1,1,2,1,1,1,1,2,2,0,0,2,1,0,1,1,1,1,2,0,2,2,0,1,2,1,2,2,2,1,1,1,2,2,1,0,1,2,0,1,2,2,1,0,1,1,2,1,1,2,0,0,0,0,0,1,2,1,1,1,0,1,2,2,1,2,1,1,1,1,1,0,1,0,2,0,1,2,2,0,1,0,0,2,2,2,2,1,1,1,2,0,1,2,2,2,1,0,1,1,0,1,0,1,1,1,1,0,1,0,0,1,1,1,0,1,0,1,0,1,0,1,0,1,0,2,1,0,1,0,0,1,1,0,1,1,2,0,1,1,1,1
429,1,2,0,2,1,1,1,1,2,1,1,2,1,1,1,2,1,0,1,1,1,1,2,0,1,1,1,2,1,1,1,0,1,1,0,1,1,1,1,0,0,0,1,1,1,0,2,0,1,1,1,2,0,1,1,1,1,1,1,1,1,0,2,1,1,1,2,0,1,2,0,0,0,0,0,0,2,0,1,2,0,0,0,1,1,1,1,0,1,2,1,1,2,2,2,1,2,0,2,1,1,1,1,2,1,0,1,2,0,1,2,1,0,0,0,1,1,1,2,1,1,2,2,0,2,1,1,2,1,2,0,1,0,1,2,1,2,2,2,2,0,1,1,2,2,2,2,0,1,2,1,1,1,0,2,2,1,1,1,0,2,1,0,0,1,1,0,0,1,0,1,1,1,0,1,1,2,2,2,1,1,0,2,2,2,1,0,1,2,1,1,1,0,1,0,1,1,2,1,0
430,0,0,2,1,1,1,1,1,0,0,2,2,2,1,1,1,0,0,2,1,1,1,1,2,1,1,0,1,2,1,1,0,0,2,2,1,2,0,2,2,1,0,2,2,1,2,2,1,1,1,0,0,2,1,1,2,0,1,0,2,1,2,1,1,2,0,1,1,2,2,2,2,1,2,1,1,1,2,1,2,1,2,0,1,0,0,0,2,1,1,1,1,1,0,2,1,1,1,2,1,2,1,0,2,1,1,1,0,2,1,0,2,1,0,1,1,1,1,1,0,1,0,2,0,1,0,1,1,1,2,1,0,1,2,1,1,1,2,2,1,1,1,1,1,2,2,2,0,1,1,1,0,0,1,1,1,2,2,2,0,0,0,1,1,0,1,1,0,2,0,0,1,2,1,2,1,2,1,1,2,1,1,0,0,1,1,1,1,1,1,2,2,1,0,1,1,2,1,0,2
431,2,1,1,0,1,0,1,1,0,0,0,1,0,2,2,2,1,1,0,1,1,1,0,1,0,2,1,1,1,1,0,2,2,1,0,0,1,1,1,0,1,1,1,1,1,0,2,2,0,0,1,1,0,0,2,1,2,1,1,0,1,0,1,0,1,2,1,1,2,1,0,0,2,1,0,2,1,2,1,2,2,1,2,2,2,0,1,1,1,1,1,2,1,0,2,1,1,1,1,1,2,1,1,0,1,2,1,1,0,1,1,1,1,2,0,0,1,1,1,1,0,1,2,1,1,0,1,0,2,2,0,2,2,1,1,1,1,0,1,2,0,1,1,2,0,1,2,2,0,1,2,0,1,1,1,1,1,1,1,0,0,1,1,2,1,1,0,1,2,1,1,1,1,1,0,0,0,1,0,2,0,1,1,1,1,1,1,1,1,1,1,1,0,0,2,1,0,0,2,1
432,1,2,0,0,1,1,1,2,1,0,0,1,1,1,1,2,0,1,0,1,1,1,0,1,0,1,1,1,2,2,0,2,1,1,0,1,1,1,1,1,1,0,1,0,1,0,2,2,0,1,1,1,1,0,2,1,1,1,2,0,1,1,0,0,0,1,0,0,1,1,1,2,1,1,2,1,0,2,1,1,1,2,2,1,2,0,1,2,2,1,1,1,2,1,2,1,1,2,0,1,1,1,1,0,1,1,1,2,1,1,0,1,2,2,1,0,1,2,1,1,1,1,2,0,1,0,1,1,1,2,1,2,2,0,2,2,1,0,1,1,0,1,2,2,0,1,1,2,0,1,1,0,1,2,1,1,2,1,0,0,1,2,2,1,0,0,0,1,1,2,0,1,1,1,0,1,1,2,0,1,1,0,1,1,1,2,1,0,0,1,2,0,1,1,2,1,0,1,1,1
433,1,2,1,1,1,1,2,2,1,1,1,1,1,1,1,0,1,1,2,1,1,1,0,2,2,1,2,1,0,2,0,0,2,0,2,0,2,0,0,1,1,1,2,0,1,1,1,2,2,1,0,0,1,0,2,1,2,2,1,1,1,2,0,0,2,1,0,0,1,2,0,0,2,2,2,1,1,1,2,2,1,2,0,1,1,1,1,1,1,1,2,1,1,1,0,1,1,2,1,1,2,1,0,2,1,2,1,0,1,2,1,1,1,1,1,1,2,1,1,0,1,1,1,1,2,1,0,2,1,2,1,0,1,1,0,1,0,1,1,1,1,1,1,1,1,2,2,1,0,1,1,1,2,0,1,0,2,1,0,1,1,1,1,2,1,0,2,0,1,1,1,1,2,1,1,0,1,0,0,1,0,1,0,0,2,1,2,2,2,1,2,2,2,0,2,2,1,0,0,2
434,1,0,1,1,1,2,2,1,0,0,1,1,1,1,1,2,1,0,2,2,1,2,1,2,2,1,0,1,2,2,1,1,0,1,1,2,1,0,2,2,2,0,2,2,1,1,2,1,1,0,0,1,1,0,2,1,1,0,0,1,1,1,1,0,1,0,2,1,2,1,1,1,0,1,0,1,2,2,2,2,2,2,0,0,0,0,1,2,1,2,1,1,1,1,1,2,0,2,1,0,1,1,0,2,1,1,1,1,1,1,1,2,1,0,0,2,2,1,1,0,0,0,2,0,1,1,0,2,1,2,1,0,1,1,0,1,0,2,1,1,1,1,1,1,2,2,2,1,0,1,0,0,1,1,1,1,1,1,1,1,1,1,1,0,0,1,2,1,1,0,0,2,2,0,1,0,2,0,1,1,0,1,0,1,2,1,1,2,2,1,1,2,1,0,2,2,1,1,1,1
435,2,1,1,1,1,0,0,2,1,2,1,0,0,1,0,1,0,2,0,1,1,1,2,1,0,0,0,2,0,2,2,0,0,2,0,2,2,2,2,2,0,0,0,2,2,0,2,0,0,0,2,2,0,0,2,0,2,2,1,1,2,2,1,1,2,1,1,0,0,1,0,0,2,0,1,2,1,0,1,1,0,1,1,0,1,1,1,0,1,2,1,2,2,1,1,1,0,1,0,2,1,0,2,1,1,1,2,2,0,0,2,1,1,2,2,0,1,0,2,0,1,0,1,0,0,1,1,1,0,0,2,2,1,1,0,1,1,0,2,1,1,2,1,1,1,1,0,1,2,0,0,2,1,2,2,0,1,1,0,1,1,2,2,1,0,1,0,1,1,0,1,2,0,1,0,1,0,0,0,1,0,0,1,2,2,1,0,0,0,0,1,1,1,1,1,0,1,0,1,1
436,1,2,1,1,0,1,0,2,2,0,1,1,2,2,1,1,2,0,2,0,0,1,0,2,2,1,1,1,1,0,2,0,0,1,1,1,1,1,1,0,2,1,2,2,1,0,1,1,0,1,1,0,1,0,1,0,1,2,1,2,1,2,1,0,1,1,1,1,1,1,0,2,0,2,1,2,1,1,1,1,2,1,2,1,1,1,1,2,2,2,2,1,1,0,1,0,1,2,0,2,1,2,2,1,2,2,2,1,1,2,1,2,1,2,1,0,2,2,1,1,0,2,2,1,2,1,1,0,2,2,0,2,2,1,2,2,1,1,1,1,1,2,1,1,0,1,2,1,0,2,2,1,1,2,0,1,1,0,1,1,1,2,2,1,0,1,0,2,2,2,0,2,2,0,1,0,1,2,1,1,1,1,2,1,1,2,0,1,1,0,1,1,1,1,1,2,1,0,1,0
437,0,2,0,0,0,1,1,1,1,1,1,1,2,0,1,2,0,0,0,1,0,1,1,2,1,1,0,0,1,1,0,1,1,1,0,0,1,1,2,0,0,2,1,2,0,1,1,0,1,0,1,1,2,1,0,0,1,1,1,0,2,2,0,0,1,0,0,0,0,1,1,1,2,0,1,1,0,1,0,0,0,1,1,0,1,0,1,1,2,1,0,1,2,2,2,1,0,1,0,1,0,0,1,1,1,0,1,2,1,0,1,1,1,2,2,0,1,1,2,1,1,0,1,0,0,0,1,1,0,1,2,2,2,1,1,2,1,1,0,1,1,0,1,2,1,1,1,2,0,1,1,1,0,1,1,1,1,1,0,1,1,1,2,0,1,0,0,1,0,1,1,1,1,1,0,2,1,1,0,1,1,0,0,2,1,1,1,0,0,1,1,0,1,2,2,0,1,1,0,1
438,1,0,2,0,0,1,2,0,1,0,1,2,2,1,0,1,0,1,2,2,0,1,0,1,1,2,1,0,0,2,1,0,2,0,1,2,1,0,2,1,1,0,1,2,0,2,1,1,0,0,0,1,2,1,2,2,0,0,0,2,0,1,1,1,2,1,2,2,1,1,2,2,1,1,1,1,1,1,2,1,2,1,1,0,0,1,0,2,1,2,0,1,1,0,1,1,0,2,1,0,2,1,1,2,2,1,1,1,2,2,1,1,1,0,1,2,1,0,0,0,1,1,1,1,1,1,1,1,1,1,1,0,2,2,2,1,1,2,0,2,2,1,1,1,0,1,1,1,1,0,2,1,1,0,0,1,2,1,1,1,0,1,0,0,1,1,2,1,1,1,1,2,1,0,1,0,2,0,0,2,0,1,1,0,2,1,2,1,2,1,1,2,1,0,1,1,1,1,0,1
439,0,0,2,0,0,2,2,0,1,0,2,2,1,0,1,2,1,1,1,2,0,2,0,1,1,0,1,1,2,1,0,0,0,1,1,2,1,0,1,1,2,1,2,2,0,1,1,1,0,1,0,0,1,1,2,1,0,1,0,1,0,1,0,1,2,0,2,2,2,1,2,2,1,1,0,1,2,2,1,2,1,1,1,1,0,1,1,2,2,2,1,1,1,0,2,1,0,1,2,0,2,1,0,2,1,1,0,1,2,1,0,1,1,0,0,2,2,1,1,0,1,0,1,0,1,1,0,1,2,2,0,0,1,2,0,1,0,1,1,0,2,1,2,1,0,0,0,0,0,0,1,0,1,1,0,0,2,1,0,1,1,1,1,2,1,0,2,0,1,1,1,1,1,1,2,0,1,1,1,2,0,0,0,1,2,1,1,1,2,1,2,1,2,0,2,1,2,0,1,1
440,2,2,1,1,1,1,2,2,0,1,0,1,2,1,2,1,1,1,1,0,1,0,1,0,1,2,1,2,2,1,1,0,0,2,1,1,2,1,1,0,1,0,1,1,1,1,1,2,0,1,1,1,0,1,0,1,0,0,1,2,2,1,1,0,0,1,2,1,1,2,2,1,1,2,1,1,1,1,1,2,1,1,2,2,1,1,2,2,1,1,0,0,1,2,2,2,1,1,1,0,0,0,0,1,0,0,0,2,2,0,0,1,1,2,2,1,1,1,1,1,2,0,2,1,0,0,1,2,1,2,1,2,2,1,2,2,2,1,0,1,1,1,1,2,0,1,0,2,0,1,1,0,1,2,1,1,0,2,0,0,1,0,1,1,1,0,1,0,0,1,0,0,1,1,1,2,2,2,1,0,1,0,1,2,1,2,1,0,1,1,1,0,1,2,1,1,1,2,1,1
441,2,1,2,2,0,2,0,2,1,1,1,0,2,2,1,1,2,1,2,0,1,1,0,2,1,1,1,1,0,0,1,1,0,1,1,1,1,0,2,0,1,2,1,1,2,1,1,1,0,2,1,1,2,0,2,0,1,1,1,1,2,2,2,1,1,0,1,0,1,1,1,1,1,1,1,1,2,1,0,0,2,0,2,0,1,1,2,2,2,2,2,0,1,1,1,1,1,2,1,1,1,2,1,2,1,1,2,0,2,1,1,2,1,1,2,0,1,2,2,1,1,1,2,1,1,1,1,0,1,2,1,1,1,2,2,2,2,2,1,1,1,2,0,0,1,1,2,1,1,1,1,2,0,1,1,0,1,1,2,2,1,1,2,0,0,1,1,2,1,2,0,1,1,1,1,1,1,1,1,1,0,1,2,1,2,1,0,1,1,0,2,0,1,0,1,1,1,0,1,0
442,1,1,1,1,0,1,2,0,1,0,2,2,1,1,1,2,0,0,1,2,1,2,1,1,2,0,1,1,1,1,1,0,1,1,1,1,1,0,2,1,1,0,2,1,0,1,2,1,1,1,0,1,1,1,1,2,1,0,0,1,1,1,1,1,1,0,2,1,1,2,1,1,0,1,0,1,2,1,2,2,1,1,0,0,1,1,0,1,2,2,0,0,2,1,2,2,1,1,2,0,1,1,1,2,1,1,1,1,1,2,1,1,0,0,0,1,1,1,1,1,1,1,2,0,2,1,0,2,1,2,0,1,1,1,1,0,1,2,2,1,1,1,2,1,1,1,1,0,1,1,1,1,2,0,1,1,2,0,1,1,1,0,1,1,1,1,1,0,2,0,1,2,1,0,1,0,2,1,1,2,1,0,1,1,2,1,1,2,2,2,2,2,1,0,1,1,1,1,1,0
443,1,1,1,1,0,1,1,1,1,1,1,2,2,0,0,2,1,0,2,1,0,1,1,1,2,0,0,1,2,2,0,0,0,2,1,2,2,1,1,1,1,0,1,2,1,1,2,1,0,0,1,1,1,0,2,1,0,1,1,2,0,1,1,0,2,1,2,1,2,2,1,1,0,1,0,1,2,1,1,2,1,1,0,1,0,0,1,1,1,2,1,1,2,1,2,1,1,1,2,1,2,0,0,2,2,1,0,2,0,0,2,2,1,0,0,2,2,1,2,0,0,1,2,0,1,1,1,2,1,2,1,0,0,1,1,2,1,2,1,2,0,1,0,1,2,2,2,1,0,2,1,0,1,0,2,1,0,1,0,1,2,2,1,0,0,1,1,1,0,0,1,2,1,0,0,0,2,1,2,1,1,0,1,1,2,1,1,2,2,2,2,2,1,0,1,1,1,1,0,1
444,0,0,2,0,0,2,2,0,1,0,2,1,2,0,1,1,1,0,2,1,1,1,1,2,2,0,0,0,1,2,0,1,0,1,2,2,1,1,1,2,1,1,2,1,2,1,2,1,2,1,0,1,1,0,2,0,2,1,0,1,1,1,1,0,1,0,1,0,1,0,1,1,0,0,1,1,2,2,1,2,1,2,0,1,0,0,2,2,1,1,2,1,0,1,0,2,1,2,0,1,1,2,0,2,0,1,2,1,0,1,2,1,2,1,1,1,2,2,2,0,1,1,2,1,1,1,1,1,1,1,2,0,1,0,1,2,0,2,0,2,1,1,0,1,2,2,1,1,1,1,0,1,2,1,2,0,1,0,0,2,1,2,2,1,0,1,1,1,0,0,0,2,1,0,0,1,1,0,1,1,0,1,0,2,2,0,0,1,1,0,0,1,0,1,2,1,1,1,1,0
445,1,2,0,0,1,1,0,1,1,1,0,0,1,1,1,1,1,2,0,2,1,2,1,1,1,2,1,1,1,1,0,1,2,0,0,0,1,1,1,0,1,1,2,1,0,1,1,1,1,0,0,1,1,1,1,1,1,2,2,0,1,1,0,1,1,2,1,0,1,1,0,1,1,1,2,2,1,1,2,2,1,2,2,1,2,1,1,1,1,2,2,2,2,0,1,1,1,2,1,2,1,1,1,1,2,2,1,2,0,1,0,1,1,1,1,0,2,1,0,1,1,2,1,1,1,1,1,1,1,1,0,1,2,0,1,2,2,0,0,0,0,1,2,2,1,1,0,1,1,0,0,1,1,2,2,0,2,1,0,1,1,2,2,1,0,0,0,0,0,1,1,0,0,2,0,1,1,2,0,0,1,1,0,2,0,1,1,0,0,1,2,0,1,0,2,1,0,1,2,1
446,2,1,1,2,1,0,0,2,2,2,0,1,1,0,0,1,1,1,1,1,1,1,2,0,0,1,0,2,1,2,1,0,0,2,0,2,2,2,1,1,0,0,0,2,2,1,2,1,0,1,2,2,0,0,1,0,1,1,1,2,2,2,1,1,1,1,2,1,1,2,1,1,2,1,2,2,1,1,1,2,1,2,2,1,1,1,2,1,0,2,1,1,1,1,1,2,1,1,1,1,1,0,1,1,0,1,1,2,1,0,1,1,1,2,2,1,1,0,1,0,2,0,2,1,0,1,1,2,1,1,1,2,1,1,1,1,1,1,1,2,2,2,0,1,0,1,0,2,1,1,1,1,1,2,2,1,0,2,0,0,2,1,2,1,0,1,1,1,2,1,0,1,1,1,1,2,0,1,1,1,0,0,1,2,2,0,1,1,1,1,1,1,1,1,1,1,1,1,1,1
447,0,1,1,1,1,1,1,2,0,1,2,1,2,1,2,1,0,0,1,1,1,1,2,2,1,2,0,1,1,0,1,0,1,1,1,0,2,1,2,1,0,1,2,2,1,2,1,0,2,1,0,1,2,2,0,1,0,2,1,1,2,2,1,1,2,0,1,1,1,1,1,1,1,1,0,2,1,1,1,1,1,1,0,0,0,0,0,1,1,1,1,2,1,1,2,0,1,0,1,2,1,1,1,2,1,0,2,1,1,0,1,2,1,1,2,0,0,2,2,1,2,0,2,0,0,0,1,1,0,2,2,1,1,1,2,2,2,1,1,1,1,1,0,1,2,2,2,1,1,2,2,1,0,1,2,0,2,2,1,0,1,1,1,0,0,1,0,0,1,1,0,2,1,0,1,1,1,0,0,2,0,0,0,1,2,1,1,1,1,1,1,1,1,1,2,1,2,0,0,1
448,1,1,1,1,1,0,0,2,0,1,2,1,1,2,1,1,0,1,1,0,1,0,2,2,0,1,0,2,1,1,2,0,0,2,1,1,2,1,2,2,0,0,1,2,2,1,2,0,0,0,1,1,1,0,2,1,1,1,0,2,1,2,1,1,2,1,2,1,1,2,1,1,1,1,1,2,2,1,2,1,1,1,0,0,1,1,0,1,2,2,0,1,2,1,2,1,0,2,1,1,2,0,1,1,1,2,1,1,1,1,1,1,1,1,1,1,1,0,1,0,1,0,2,0,0,1,1,1,0,1,2,1,0,1,1,1,1,1,2,2,1,2,0,0,1,1,1,1,2,1,1,1,0,1,2,0,1,2,1,0,1,1,1,0,0,2,0,1,2,0,0,1,1,1,1,2,1,1,1,2,1,1,0,1,1,0,0,0,0,0,1,1,0,1,1,0,2,1,0,1
449,2,2,1,1,2,1,1,1,1,2,0,0,2,1,1,0,2,1,0,1,2,1,1,0,1,2,1,2,2,1,1,0,0,2,1,1,2,1,1,0,1,0,1,1,1,1,1,2,0,1,1,1,0,1,0,1,0,0,1,2,2,1,1,0,0,1,2,1,1,2,2,1,1,2,1,1,1,1,1,2,1,1,2,2,1,1,2,2,2,0,1,1,1,1,2,2,1,1,2,1,0,0,0,2,1,1,0,2,1,0,0,1,0,1,2,1,2,0,0,1,2,1,1,2,0,1,1,2,1,1,0,1,2,1,1,2,2,1,0,1,1,2,1,2,1,1,1,2,1,1,2,1,2,2,1,1,0,2,0,0,1,0,1,1,1,0,1,0,0,1,1,0,1,1,1,1,1,2,1,0,0,1,1,2,1,1,1,0,1,1,1,0,1,1,1,1,1,2,2,1
450,2,1,0,1,2,1,1,1,1,0,1,1,1,1,2,1,0,1,1,2,2,2,0,0,1,1,1,1,1,1,1,1,2,0,0,1,0,1,0,1,1,1,1,1,1,0,2,1,1,0,1,1,0,1,1,1,2,1,1,0,1,1,2,1,2,2,2,2,2,1,0,1,1,0,1,2,2,1,1,1,2,0,2,2,2,0,1,2,1,2,2,2,1,1,2,1,1,1,0,1,2,2,1,0,1,1,2,2,0,2,0,2,2,1,1,1,1,2,0,1,0,1,1,1,2,1,1,0,2,1,1,1,1,0,2,1,1,1,1,2,0,1,2,2,1,2,1,1,1,2,2,0,2,2,0,2,2,1,0,1,1,2,1,1,1,0,0,2,1,2,1,2,2,0,1,1,1,2,0,1,0,1,1,1,2,2,0,0,0,0,2,0,0,0,1,1,1,1,1,1
451,0,0,2,0,0,2,2,0,1,0,2,1,2,0,1,1,1,0,2,1,1,1,1,2,2,0,0,0,1,2,0,1,0,1,2,2,2,1,2,2,1,0,1,2,1,1,2,1,0,0,1,1,1,0,2,1,1,1,0,2,1,2,1,1,2,1,2,1,1,2,1,1,1,1,1,2,2,1,2,2,1,2,1,0,1,1,1,1,1,2,1,1,1,0,1,2,1,2,1,1,2,1,0,2,1,2,1,0,1,2,1,1,1,1,1,1,2,1,1,0,1,1,1,1,2,1,0,2,1,2,1,0,1,1,0,1,0,1,1,1,1,1,1,0,0,1,1,1,0,1,2,1,2,0,1,0,2,1,0,1,1,1,1,2,1,0,2,0,1,1,0,2,1,0,1,1,1,0,0,2,0,0,0,1,2,1,1,1,1,1,1,1,1,1,2,1,2,0,0,1
452,1,2,0,1,0,1,1,2,2,1,0,2,2,0,0,2,1,0,1,1,1,1,1,0,0,2,1,2,2,2,0,1,1,1,0,1,1,1,0,0,1,1,1,1,1,1,2,2,0,1,1,1,0,0,1,1,1,1,2,1,1,1,0,0,0,1,1,1,2,1,1,2,1,2,2,1,0,1,2,2,2,2,1,2,1,0,2,2,2,0,1,0,1,1,1,2,1,2,0,1,1,1,0,1,0,1,1,1,1,1,1,0,2,2,2,0,1,2,2,1,2,1,1,1,1,1,0,2,0,2,2,1,1,0,1,2,1,0,0,1,0,1,1,1,0,1,1,2,0,1,1,0,1,2,2,1,1,2,0,0,2,1,2,1,0,0,1,0,1,2,0,1,2,1,1,1,0,2,1,1,0,0,2,1,2,1,1,1,1,1,1,0,0,1,2,2,1,1,1,0
453,0,0,2,0,1,2,2,0,1,0,2,2,2,0,1,1,0,0,2,2,1,2,0,1,2,0,0,0,1,1,1,0,1,1,1,2,1,1,1,2,2,1,1,1,1,1,1,1,0,1,1,0,2,1,2,1,0,1,0,2,0,1,1,1,1,0,1,2,2,1,1,1,0,2,0,2,2,2,2,1,1,2,0,0,0,0,1,2,1,2,1,1,2,0,1,1,1,2,1,1,2,1,1,2,1,1,1,0,2,1,1,1,1,1,1,2,2,0,1,0,1,1,2,0,1,0,0,2,2,1,0,1,2,2,0,1,0,1,1,0,1,0,1,0,0,0,1,1,0,0,2,0,1,0,1,0,1,1,0,2,1,1,1,1,1,0,1,1,1,1,1,2,1,0,1,0,2,0,0,1,0,1,0,1,2,2,1,1,1,1,2,1,1,0,1,0,2,1,1,1
454,2,0,2,0,0,0,2,1,1,1,1,2,0,2,2,2,2,0,0,0,0,0,0,2,0,2,0,0,0,0,0,2,2,2,0,0,2,2,1,0,1,1,1,0,1,0,1,1,0,1,1,0,1,1,2,1,1,2,1,1,0,0,1,1,0,1,0,1,2,0,0,0,1,2,0,2,1,2,2,1,1,2,1,1,1,0,1,2,1,2,2,2,2,0,1,0,2,2,0,2,2,2,2,1,1,1,2,1,1,1,1,1,2,2,1,1,2,1,1,0,1,2,2,0,1,0,1,1,2,1,0,2,2,1,1,2,0,0,1,1,0,1,1,2,0,1,2,2,0,1,2,0,1,1,1,1,1,0,1,0,0,2,1,2,0,0,0,2,1,2,1,0,0,2,1,1,1,0,0,1,0,2,0,2,1,1,1,1,1,1,1,1,0,0,1,0,0,1,1,1
455,1,1,2,2,0,2,1,2,0,1,1,1,0,2,0,1,0,2,1,0,1,1,1,2,1,1,1,2,0,2,1,0,1,1,1,1,2,1,1,1,0,0,1,1,2,1,2,1,1,1,1,1,1,0,2,0,2,2,0,2,1,2,1,1,2,1,1,0,0,2,0,0,2,1,2,1,1,0,2,2,1,2,1,2,0,1,1,2,2,1,1,1,0,1,0,2,1,2,0,2,2,0,1,1,1,2,1,1,1,1,1,1,1,1,1,1,1,0,1,0,1,1,1,0,1,1,1,2,1,2,1,1,2,2,1,1,1,2,2,0,2,0,1,1,1,2,1,0,0,1,0,1,1,0,1,0,2,1,1,2,0,0,2,1,0,0,2,1,0,2,2,1,1,2,0,0,0,0,0,0,0,1,1,1,2,1,1,1,1,0,2,2,2,0,1,1,1,0,1,2
456,1,1,1,1,0,2,1,2,1,0,1,2,2,1,1,1,0,0,1,0,1,0,0,2,1,1,0,1,2,2,1,1,1,1,1,2,1,2,1,1,1,0,1,0,1,0,2,1,1,1,1,1,1,1,1,1,1,1,2,0,2,2,1,1,1,0,0,0,1,2,2,2,2,1,2,0,0,2,0,1,0,2,1,1,1,0,1,2,1,0,1,1,1,1,2,1,1,1,1,1,1,1,0,1,0,0,1,1,2,0,0,2,2,1,1,0,1,2,1,0,1,1,2,0,1,0,2,0,1,2,1,1,1,1,2,2,1,1,2,2,0,2,1,1,1,2,2,2,1,0,0,1,0,2,2,1,2,2,1,1,1,1,1,0,1,0,0,1,1,1,0,1,1,1,1,1,2,2,1,0,2,1,1,2,0,2,1,1,1,1,1,1,2,1,1,1,1,1,1,2
457,0,2,0,1,1,1,1,1,2,0,1,2,2,2,1,1,1,1,1,1,1,1,1,1,2,0,2,0,2,0,1,1,0,1,0,1,1,1,2,0,2,1,2,1,2,0,1,0,0,1,2,0,1,0,1,0,2,1,1,2,1,1,1,0,2,0,0,0,1,1,0,2,0,1,1,1,2,0,1,1,2,0,1,1,1,2,2,2,2,1,1,1,1,0,1,0,0,1,0,1,0,2,1,1,1,1,2,1,1,1,1,2,1,1,1,0,2,1,1,2,0,2,1,2,2,2,1,1,2,2,0,2,2,1,2,2,1,2,0,0,1,1,0,1,1,0,2,0,1,1,2,2,1,1,1,1,1,0,2,1,2,1,1,0,1,2,0,1,2,1,1,2,1,0,1,0,2,2,2,1,2,1,2,2,1,1,0,1,2,1,1,2,2,2,0,1,1,0,0,0
458,0,2,0,1,1,2,2,1,2,0,1,2,2,1,2,1,0,1,0,2,1,2,1,2,1,2,1,1,1,0,0,0,1,0,0,1,1,2,2,0,1,1,2,1,1,1,0,0,1,0,1,1,1,1,0,0,1,1,1,1,1,1,0,0,2,0,0,0,1,0,0,1,1,0,1,1,1,0,1,1,1,1,1,1,2,1,2,2,2,0,0,1,2,1,2,0,0,0,0,1,0,1,1,1,1,0,2,2,0,0,1,2,1,1,1,0,2,0,1,1,0,1,0,1,1,1,2,1,1,1,1,2,2,1,1,2,0,2,0,1,1,0,1,2,2,2,2,1,1,2,1,2,1,1,1,1,0,0,0,1,0,0,2,0,1,1,0,2,1,0,1,2,0,0,0,1,1,1,1,2,1,0,1,2,2,0,0,1,1,1,1,1,0,1,1,0,1,1,0,0
459,1,1,1,2,1,2,2,1,1,0,0,2,1,2,0,0,0,2,2,1,1,1,0,1,1,2,1,0,0,2,1,0,2,0,1,1,1,0,1,1,1,1,1,1,0,1,0,1,1,0,0,1,1,1,2,2,1,1,1,1,1,1,1,1,2,2,1,1,1,1,1,1,2,1,2,2,1,0,2,1,2,1,1,2,1,0,2,2,1,1,2,1,1,0,0,1,2,2,0,2,2,2,1,2,0,1,2,0,1,1,2,0,2,2,2,1,2,1,2,0,2,2,1,1,1,1,0,1,2,1,1,0,1,1,1,0,1,2,1,1,1,0,2,2,2,2,1,0,1,1,1,0,2,1,1,1,2,2,0,1,2,2,0,1,2,0,1,1,0,2,1,2,2,0,2,1,2,1,0,1,0,1,0,1,2,2,1,1,1,1,2,1,1,0,1,1,2,1,0,2
460,1,2,0,0,0,1,1,2,1,1,1,1,1,1,0,2,0,1,0,0,0,0,1,2,0,0,0,2,1,2,1,1,1,1,0,1,1,1,1,2,0,1,1,1,2,0,2,1,0,2,2,1,2,0,2,0,1,1,2,1,2,2,1,0,1,0,0,0,0,2,1,2,1,1,1,1,1,1,0,0,1,1,2,0,1,1,2,2,2,1,1,0,1,1,1,1,0,2,0,1,0,1,1,0,0,0,0,1,1,0,0,0,2,1,2,1,1,2,1,2,2,1,1,0,0,1,1,2,0,2,2,2,2,1,2,2,2,1,1,0,1,0,1,1,0,1,0,1,0,1,0,1,0,1,2,0,2,2,1,1,1,1,2,1,0,0,1,2,1,2,0,2,2,0,1,0,1,2,1,1,1,1,2,1,1,2,0,1,1,0,1,1,0,0,2,2,1,0,2,1
461,0,1,1,2,2,1,1,1,1,0,2,2,2,2,2,0,0,1,1,1,2,1,2,1,1,1,1,1,2,0,1,1,0,1,1,1,1,1,2,1,1,0,1,1,2,0,1,0,0,0,2,1,0,0,1,0,2,1,0,2,1,1,1,1,2,1,1,0,1,2,0,1,1,0,2,1,2,0,2,1,1,0,0,0,1,2,1,1,2,2,1,1,1,1,1,0,0,2,0,2,1,1,2,1,1,2,2,1,1,1,2,1,1,2,2,0,1,1,2,1,1,1,2,1,1,2,0,1,1,1,1,2,1,1,1,1,1,1,1,1,2,2,0,0,0,0,1,1,1,1,1,2,0,2,1,0,0,1,1,1,2,2,2,0,0,2,0,2,2,1,0,1,2,1,2,1,2,2,2,1,2,2,1,1,0,1,0,1,1,0,1,2,1,1,0,1,2,1,0,1
462,1,2,2,2,1,1,1,0,2,1,0,1,2,1,0,0,1,2,1,2,1,1,0,0,1,2,2,1,1,1,1,0,1,1,2,0,2,0,1,1,2,1,2,0,0,0,0,2,1,0,0,0,0,1,1,2,1,1,1,1,2,1,1,0,1,2,1,0,1,2,2,1,1,1,1,1,2,0,2,1,1,0,2,2,2,1,2,2,1,1,2,2,1,0,1,1,1,2,1,2,1,1,1,2,1,1,1,1,1,0,1,0,1,1,2,1,2,0,1,0,2,1,2,1,0,1,1,1,2,1,1,1,1,1,2,1,2,2,0,2,1,1,1,2,1,2,0,1,1,2,2,0,2,2,0,1,1,2,0,1,1,1,0,0,2,0,1,1,0,2,1,1,2,0,2,2,2,2,1,0,0,1,1,2,2,2,0,0,1,0,1,0,0,1,0,1,2,2,1,1
463,2,2,0,1,0,0,0,2,2,1,0,2,2,0,0,2,1,0,1,0,0,0,1,1,1,0,0,1,2,2,0,1,1,1,1,1,1,0,1,2,1,0,1,1,1,1,2,2,0,1,1,1,2,0,2,1,0,1,1,2,1,2,1,0,2,0,1,1,1,2,0,1,0,1,0,1,2,0,0,1,1,0,1,1,0,1,2,1,1,2,2,1,1,1,1,0,1,1,1,2,1,1,1,1,1,0,0,1,0,0,1,1,1,0,1,2,2,1,1,1,1,2,1,0,1,1,2,2,1,2,1,1,1,2,2,2,2,2,2,1,1,0,0,1,1,2,1,0,0,2,1,1,0,0,2,1,1,2,1,1,1,1,1,0,0,0,1,1,0,1,0,2,2,0,0,0,1,1,1,1,0,0,1,0,2,2,1,1,1,1,2,1,1,0,2,2,1,0,1,1
464,2,2,0,2,0,0,0,2,2,2,0,2,2,0,0,2,2,0,2,0,0,0,1,0,0,2,1,2,2,2,0,1,1,1,0,1,1,1,0,0,1,0,1,1,1,1,2,2,0,1,1,1,0,0,1,1,1,1,2,1,1,1,0,0,0,1,1,1,2,1,1,2,1,2,2,2,0,2,1,2,2,2,2,2,1,0,2,1,1,1,1,1,2,1,1,2,0,2,0,1,1,0,1,0,0,1,1,2,1,0,1,0,2,2,2,0,0,1,2,1,2,0,2,0,0,1,0,2,0,1,2,2,1,0,1,1,1,0,1,1,1,1,1,1,0,0,0,2,1,0,0,1,0,2,2,1,1,2,0,0,2,1,2,1,0,0,1,0,1,2,0,2,1,0,0,1,0,1,1,1,0,0,1,2,2,0,1,1,1,1,1,1,1,1,1,1,1,1,1,1
465,1,1,1,1,0,2,1,2,0,1,2,1,2,1,2,1,0,0,1,1,1,1,1,2,2,2,0,1,1,1,1,0,2,0,1,1,1,2,1,0,1,1,2,1,0,1,1,0,2,0,0,1,1,2,0,1,1,2,2,0,2,2,1,1,2,0,0,0,1,1,1,1,2,1,1,1,0,1,0,1,0,1,0,1,0,0,0,1,1,1,0,1,2,2,2,1,0,1,0,1,1,1,1,2,0,0,2,0,2,0,0,2,2,0,2,0,0,2,2,0,2,0,2,0,0,0,2,0,0,2,2,0,0,2,2,2,2,2,2,2,0,2,0,0,2,2,2,1,2,1,1,1,0,1,2,1,2,2,2,1,0,0,0,0,1,1,0,1,2,0,0,1,1,1,1,1,2,1,0,1,1,0,0,1,1,2,2,0,0,1,1,0,1,2,2,0,1,1,0,2
466,2,1,1,1,1,2,0,1,1,2,1,0,1,1,0,1,1,2,0,1,1,1,1,1,1,1,1,2,1,1,2,0,0,2,1,1,2,1,2,1,1,0,1,1,1,0,1,1,0,0,1,1,0,1,1,1,1,1,0,2,2,1,2,1,1,2,2,0,0,2,1,0,1,1,1,1,2,0,2,2,0,1,2,2,1,2,1,2,2,1,1,2,0,1,1,2,0,2,1,2,1,0,1,1,1,2,1,2,0,0,1,0,1,1,2,0,1,0,1,1,2,2,0,1,1,1,0,2,1,1,0,0,2,1,0,1,1,2,1,1,2,1,1,2,1,2,0,1,0,2,1,1,1,1,2,1,1,2,1,1,1,0,2,1,0,0,1,1,0,1,2,0,1,2,0,0,0,1,0,0,0,2,0,1,1,0,2,1,1,1,2,1,2,0,2,1,1,1,1,2
467,1,1,1,1,0,2,0,2,1,2,0,1,2,1,0,2,2,1,2,0,1,0,1,1,0,1,1,1,1,1,0,1,0,2,0,1,1,1,1,0,1,2,1,1,1,0,2,1,0,1,1,0,1,0,2,1,2,2,2,1,1,1,1,0,1,1,0,0,1,1,0,2,0,2,1,2,1,1,1,1,2,1,2,1,2,0,2,2,2,1,1,0,2,2,2,2,1,2,1,0,0,1,1,1,1,1,1,1,1,2,2,1,1,2,2,0,2,2,2,1,1,2,1,2,2,2,0,1,1,2,1,1,1,1,1,2,1,1,0,1,1,2,0,0,0,1,2,1,0,2,2,1,1,2,1,1,0,1,1,1,2,2,2,0,0,1,0,1,1,2,0,1,2,1,1,1,1,1,2,0,0,1,2,1,2,1,0,2,2,1,1,0,1,1,1,1,2,1,0,0
468,1,2,0,1,0,1,1,2,1,2,1,1,2,0,1,2,1,0,1,1,0,1,2,1,1,2,0,1,1,1,0,0,1,1,0,1,2,2,1,0,1,1,2,1,0,1,1,1,1,0,0,1,1,1,1,1,1,2,2,0,1,1,0,0,1,1,0,0,1,0,0,1,1,1,1,2,0,1,1,1,1,1,1,1,1,0,1,2,1,0,1,1,1,1,2,1,1,1,1,1,1,1,0,1,0,0,1,2,1,0,1,1,1,2,2,0,0,2,2,2,2,0,2,0,0,0,1,1,0,2,2,1,1,1,2,2,2,1,1,1,0,1,1,1,1,1,1,1,1,1,1,0,0,1,2,0,2,2,1,0,1,1,1,0,0,1,0,0,1,1,0,1,2,1,2,1,1,1,1,1,0,0,1,1,2,1,2,2,2,2,1,1,1,0,2,2,1,0,1,1
469,0,1,1,0,0,2,2,1,2,0,1,1,2,0,1,1,1,0,1,0,1,0,1,2,1,0,0,1,1,2,0,2,0,1,1,2,1,2,1,2,0,2,2,1,2,1,2,1,1,2,1,0,2,0,2,0,2,2,1,2,1,2,1,0,2,0,0,0,0,1,1,2,0,1,1,2,2,1,0,1,1,1,1,1,0,1,2,2,2,1,2,0,0,0,0,1,1,2,0,2,1,2,1,1,0,1,1,0,0,1,1,0,2,1,2,1,2,2,1,1,2,2,1,1,1,1,2,1,1,1,2,1,2,1,2,2,1,2,1,1,2,0,0,1,1,2,0,0,1,1,0,2,1,1,2,0,2,1,1,2,0,1,2,1,0,0,1,1,0,1,0,2,2,0,1,0,2,1,2,0,1,2,1,2,1,1,0,2,2,0,0,2,0,0,2,2,1,1,2,1
470,1,1,0,1,1,2,2,1,2,0,1,2,2,0,1,1,0,0,1,1,1,1,0,1,1,0,0,1,1,1,1,1,2,0,0,1,0,1,0,2,1,0,1,0,1,0,2,0,0,1,2,1,1,0,2,0,2,1,1,1,2,1,2,0,2,1,1,1,1,2,0,1,1,1,0,2,2,1,0,1,2,0,2,1,1,1,1,2,2,2,2,1,1,0,1,0,1,2,0,2,1,2,2,0,1,1,1,1,0,1,0,1,2,0,2,2,1,2,0,2,1,1,0,1,1,2,1,1,1,1,2,1,1,1,2,1,2,2,2,1,1,1,1,1,0,2,1,1,0,2,1,1,1,1,1,1,2,1,1,1,0,1,2,1,0,0,1,2,1,2,1,2,2,0,2,1,2,2,1,0,1,2,1,2,1,2,0,1,1,0,1,1,0,0,1,1,2,1,1,2
471,0,1,2,1,0,2,2,1,1,0,1,1,1,1,1,0,1,1,2,1,1,2,0,2,2,1,1,1,1,2,0,0,1,1,2,1,2,1,2,2,1,0,1,2,2,0,2,0,1,0,1,2,0,0,2,0,2,1,0,1,2,1,2,1,1,1,2,0,1,1,0,0,1,0,1,1,2,1,2,2,1,2,1,1,0,1,1,2,1,2,1,2,0,2,0,2,0,2,0,1,1,1,1,1,0,1,2,2,0,0,2,1,2,1,1,1,1,1,2,0,1,1,1,0,0,2,1,2,0,2,2,1,1,1,1,2,1,2,1,1,1,1,0,0,1,2,1,1,0,2,0,1,1,0,2,0,1,1,1,2,1,1,2,0,0,1,2,2,0,1,1,2,1,1,0,0,1,0,1,0,0,1,1,2,2,1,0,1,1,0,1,2,1,0,1,1,0,1,2,1
472,1,2,0,2,1,1,2,0,2,0,1,2,1,2,1,1,0,1,1,2,1,1,1,0,1,1,1,1,0,1,2,0,2,0,0,1,0,0,2,0,0,0,1,2,0,2,1,1,0,0,0,1,2,1,2,2,0,0,0,2,0,1,1,1,2,1,2,2,1,1,2,2,1,1,1,2,2,1,2,1,2,1,1,1,1,0,1,2,1,2,1,1,2,0,1,1,1,2,1,1,2,1,1,2,1,1,1,0,2,1,1,1,1,1,1,2,2,0,1,0,1,1,2,0,1,1,0,1,2,1,1,0,1,1,1,0,2,2,1,2,0,1,2,2,2,2,1,0,2,2,1,1,2,1,1,2,2,1,1,1,2,1,0,0,2,1,0,1,1,1,2,2,1,0,1,1,2,1,0,1,0,1,1,2,2,1,0,1,1,1,2,1,0,0,0,0,1,2,0,1
473,1,2,0,0,1,1,1,2,1,0,0,1,1,1,1,2,0,1,0,2,2,2,0,0,0,2,1,1,1,1,1,1,2,0,0,1,1,2,0,1,1,1,1,1,1,1,2,1,1,1,1,1,0,1,0,1,1,1,2,1,1,2,1,1,1,1,2,2,2,1,1,2,1,1,2,1,1,0,2,1,2,1,1,2,1,0,2,2,1,1,2,1,0,1,1,2,1,1,0,1,1,1,1,0,1,1,1,2,1,1,0,1,2,2,1,0,1,2,1,1,1,1,2,0,1,0,1,1,1,2,1,2,2,0,2,2,1,0,1,1,0,1,2,2,0,1,1,2,0,1,1,0,1,2,1,1,2,1,0,0,1,2,2,1,0,0,0,1,1,2,0,2,2,1,1,1,0,2,1,1,0,0,2,1,2,1,1,1,1,1,1,0,0,1,2,2,1,1,1,0
474,1,1,2,1,0,2,1,1,1,0,2,1,2,1,1,1,1,0,2,1,0,2,0,2,2,1,0,1,1,1,1,0,0,1,2,2,2,0,2,1,2,1,2,2,1,1,2,1,0,1,1,0,2,0,2,1,1,1,1,2,1,2,1,0,2,0,1,1,1,2,1,2,0,2,0,2,2,1,1,1,2,1,1,0,0,1,1,2,2,2,1,0,1,0,1,1,0,2,1,1,1,1,1,2,2,2,1,0,2,2,1,2,0,1,1,1,2,1,1,1,0,1,2,1,2,0,1,1,1,2,1,0,1,2,1,1,1,2,2,1,1,1,1,0,1,1,1,1,1,0,1,1,1,0,1,0,2,1,1,2,0,0,2,1,0,0,2,1,1,1,0,1,1,1,2,1,2,0,1,1,0,1,1,1,2,1,0,2,2,1,2,1,2,0,1,0,2,0,1,0
475,0,1,1,0,0,2,2,1,1,0,1,2,2,0,0,2,0,0,1,1,0,1,0,2,1,0,0,0,2,2,0,1,0,2,1,2,2,1,2,2,1,0,1,1,1,1,2,2,0,1,1,1,2,0,2,1,0,0,1,1,1,2,0,0,1,0,1,1,1,2,2,2,1,1,1,1,1,2,1,1,1,2,1,0,1,0,1,2,2,1,0,0,2,1,2,2,0,2,1,0,1,0,0,1,1,1,0,2,1,0,1,2,2,1,0,1,2,2,1,0,0,1,2,0,1,1,1,1,1,2,1,1,1,0,1,2,0,1,1,2,0,2,1,1,1,2,2,2,0,1,0,0,1,1,2,0,1,1,0,1,2,1,1,0,1,1,1,1,1,0,1,1,0,1,0,1,2,2,1,1,2,0,1,2,1,1,1,2,2,1,1,2,1,0,0,1,1,1,1,1
476,2,1,1,1,1,0,1,2,2,1,0,2,2,0,0,2,1,0,1,0,0,0,1,1,0,1,0,2,2,2,0,1,1,1,0,1,1,1,0,1,0,0,0,1,2,1,2,2,0,2,2,2,1,0,1,0,0,0,2,1,2,2,0,0,0,0,1,1,1,2,2,2,2,1,2,1,0,2,0,1,1,2,2,1,1,0,2,2,1,1,0,0,2,1,1,2,0,2,0,1,1,1,2,0,0,1,1,1,0,0,1,0,2,1,2,1,1,1,1,1,2,1,1,0,0,2,1,2,0,1,2,2,1,1,1,1,1,1,2,1,2,1,0,0,0,1,0,1,1,1,0,2,0,1,2,0,1,2,1,1,1,1,2,0,0,1,1,2,1,1,0,2,1,0,1,1,1,1,1,1,1,1,1,1,2,1,0,0,0,0,2,1,1,0,1,1,0,0,2,1
477,0,2,0,0,0,2,1,1,2,1,0,1,2,0,1,1,1,1,0,2,0,2,2,2,2,2,0,0,0,0,0,0,2,0,0,0,2,2,2,0,0,2,2,2,0,2,0,0,2,0,0,2,2,2,0,0,0,2,2,0,2,2,0,1,2,1,1,0,0,1,0,0,2,0,1,2,1,0,1,1,0,2,2,0,2,1,2,1,1,1,1,1,2,1,1,1,1,1,0,1,1,2,1,0,1,1,2,2,0,1,0,2,2,1,0,0,2,1,0,1,0,2,1,1,2,1,2,1,2,2,0,2,2,0,2,2,1,1,0,0,0,0,2,2,1,1,1,2,0,1,1,1,0,1,1,1,1,1,0,1,1,1,2,0,1,0,0,1,0,1,1,1,0,1,0,1,0,1,0,1,0,1,0,2,1,0,1,0,0,1,1,0,1,1,2,0,1,1,1,1
478,2,1,0,1,2,1,1,1,1,0,0,1,1,2,1,1,0,2,1,2,1,1,0,0,0,2,1,1,1,2,1,1,2,0,0,1,1,1,2,0,0,1,1,2,0,2,0,0,1,0,0,2,2,2,1,1,0,1,1,1,1,1,1,2,2,2,2,1,0,1,1,1,2,0,2,2,2,0,2,1,1,1,2,1,2,0,1,2,2,1,2,1,1,0,1,1,2,2,0,2,2,2,1,1,1,2,2,1,0,2,1,1,2,2,1,0,2,2,1,0,1,2,1,1,2,0,1,1,2,2,0,1,2,1,1,1,1,1,1,0,0,0,2,2,1,1,0,1,1,1,1,0,1,2,1,1,2,2,0,1,2,2,1,0,1,0,0,1,0,2,0,1,1,1,1,1,2,1,0,1,1,0,0,1,1,2,1,1,1,1,2,1,1,0,2,2,1,0,1,1
479,1,0,1,2,2,1,1,1,1,0,1,2,2,2,1,0,0,1,2,1,1,0,1,1,0,2,1,1,0,2,1,0,1,1,1,1,2,1,1,2,1,1,1,1,1,0,1,1,1,0,1,1,0,0,2,1,2,2,1,1,2,2,1,1,2,2,1,0,1,2,0,0,2,0,2,2,2,0,2,0,1,0,1,1,2,1,1,1,1,2,1,2,2,1,1,0,1,2,0,2,2,1,2,1,0,1,2,1,1,0,2,0,2,2,2,1,1,0,2,0,2,1,2,0,0,1,0,2,1,1,1,1,1,1,0,0,0,1,2,1,2,1,1,1,1,1,1,1,1,0,0,1,1,1,2,0,1,2,0,0,2,2,1,1,1,1,1,1,1,1,0,1,2,1,2,1,2,1,1,2,1,1,0,0,1,1,1,1,1,1,2,2,1,0,1,1,2,1,0,2
480,1,2,0,1,0,1,2,1,2,0,1,2,1,1,2,2,0,0,0,2,1,2,2,1,2,1,1,1,0,0,1,0,2,0,0,0,1,1,2,0,0,1,2,1,0,1,1,0,2,1,0,2,1,2,0,1,1,1,1,0,2,1,1,1,1,0,1,0,1,1,1,1,1,1,1,1,2,1,1,1,1,2,1,0,1,0,1,2,2,1,0,0,2,1,2,1,0,1,1,1,1,0,1,2,2,1,1,1,1,1,1,2,0,1,1,1,2,0,1,0,0,0,1,0,1,0,1,1,1,1,1,1,2,2,0,1,0,2,1,1,2,0,1,1,1,1,1,1,0,1,2,1,1,0,0,1,1,0,0,2,0,0,2,1,1,0,1,1,1,0,1,2,0,0,0,1,1,1,1,2,2,0,1,1,2,1,1,1,1,1,1,1,1,1,2,1,2,0,1,0
481,1,2,0,0,0,1,1,2,2,1,0,2,2,0,0,2,1,0,1,0,0,0,1,1,0,1,0,2,2,2,0,1,1,1,0,1,1,1,0,1,0,1,0,0,1,0,2,2,0,1,1,1,1,0,2,1,1,1,2,1,1,1,0,0,0,1,1,1,2,1,1,2,1,2,2,2,0,2,1,2,2,2,2,2,1,0,2,2,1,1,0,0,2,1,1,2,1,2,1,1,1,1,2,1,1,2,2,1,1,1,2,1,1,2,2,0,1,1,2,1,1,1,2,1,1,2,1,1,1,2,1,2,2,2,2,2,2,2,1,0,2,1,0,0,0,1,1,0,0,2,1,2,0,1,1,0,1,1,2,2,1,1,2,0,0,1,1,2,1,2,0,1,2,1,2,1,1,2,2,0,1,1,2,0,2,2,0,1,1,1,1,1,1,1,1,1,1,1,1,1
482,1,2,1,2,0,1,1,2,1,1,0,2,1,1,0,1,1,1,2,0,1,1,1,1,1,2,1,2,1,2,0,0,1,1,1,1,2,2,1,1,0,0,0,2,2,1,2,1,0,1,2,2,0,0,1,0,1,1,1,2,2,2,1,1,1,1,2,1,1,2,1,1,2,1,2,2,1,1,1,2,1,2,2,2,0,1,1,1,0,2,2,2,1,1,0,2,0,2,0,0,0,1,0,1,0,0,1,2,1,0,1,0,2,2,2,0,0,1,2,1,2,1,1,0,0,1,1,2,0,2,2,2,2,1,2,2,2,1,1,0,1,0,1,1,0,1,0,1,0,1,0,1,0,1,2,0,2,2,1,1,1,1,2,0,0,0,1,1,0,1,1,2,1,1,0,0,0,1,1,0,0,0,2,2,2,1,1,1,1,1,1,1,1,1,1,1,1,1,1,1
483,2,2,0,2,0,0,1,1,2,1,1,2,1,1,1,2,1,0,1,1,1,1,2,0,2,0,1,1,1,1,1,0,1,1,1,1,1,0,2,1,1,0,2,1,0,1,2,1,1,2,1,2,1,1,1,1,1,1,1,1,2,1,2,1,1,0,0,0,0,1,0,1,1,1,1,1,2,0,0,0,1,1,2,0,1,1,2,2,2,1,1,0,1,1,1,0,0,1,0,2,0,1,2,1,1,0,1,1,0,0,1,1,1,1,2,1,2,1,1,1,1,1,0,0,0,1,2,1,0,1,2,2,2,2,1,2,1,2,1,1,2,0,0,1,1,2,1,1,0,2,1,2,0,0,1,1,1,1,1,2,0,0,2,0,1,0,1,2,0,1,1,2,1,0,0,0,1,2,1,2,1,0,1,0,2,2,1,1,1,1,1,0,1,0,2,2,1,0,2,0
484,1,1,0,2,2,2,2,0,2,0,1,2,2,2,1,0,0,2,1,2,1,1,1,1,0,2,0,1,1,1,2,0,1,1,1,1,1,0,2,1,0,0,0,2,1,1,1,0,0,0,1,2,1,1,2,1,1,1,0,2,1,1,2,2,2,2,2,1,0,1,1,1,2,0,2,2,2,0,2,0,1,0,1,1,2,1,1,1,2,1,1,1,1,1,1,1,1,2,0,2,1,2,1,2,1,2,2,0,1,2,2,1,1,2,2,0,2,2,2,1,1,2,1,2,2,1,1,0,2,2,0,2,2,1,2,2,2,1,0,0,1,1,1,1,0,0,1,1,0,2,2,1,1,2,0,1,1,1,1,2,2,2,1,0,1,1,0,2,1,2,0,0,1,2,1,2,2,2,1,1,2,1,0,1,0,1,0,0,0,0,2,1,0,0,1,1,1,1,1,1
485,1,2,0,1,2,2,1,0,2,1,0,1,2,1,0,0,1,2,1,1,0,0,1,1,0,1,0,1,0,2,2,0,1,1,0,2,1,1,2,1,0,0,1,2,1,1,2,1,0,0,1,1,1,0,2,1,1,1,0,2,1,2,1,1,2,1,2,1,1,2,1,1,1,1,1,2,2,1,2,2,1,2,1,1,1,1,1,2,2,1,1,1,1,0,2,2,0,2,2,1,1,1,1,2,1,1,1,1,1,0,1,0,2,2,2,1,1,0,2,0,2,2,1,0,1,1,0,1,2,1,0,0,2,2,0,0,1,2,2,1,1,1,2,2,2,2,1,0,1,2,0,2,1,0,2,1,2,1,2,1,1,0,1,0,1,1,1,1,1,1,2,1,1,1,0,0,1,0,0,1,0,1,1,1,2,0,1,2,2,1,2,2,1,0,1,1,1,1,0,1
486,1,1,1,1,0,2,1,1,2,1,1,1,1,1,1,2,0,1,0,1,1,1,2,1,1,0,1,2,0,1,1,0,1,1,0,1,2,2,2,1,0,1,1,2,1,1,1,0,1,0,1,2,1,1,1,0,1,2,1,1,2,2,1,1,2,1,1,0,0,1,0,0,2,0,2,1,2,0,1,1,0,2,2,1,1,1,1,2,2,1,0,1,1,2,1,1,0,1,0,2,1,0,2,1,1,1,2,2,0,0,2,1,1,2,2,0,1,0,2,0,1,1,0,0,1,0,1,1,1,1,1,1,2,2,0,1,0,2,1,1,2,0,2,1,1,1,0,0,0,1,1,1,1,0,1,0,2,1,1,2,1,0,2,1,1,0,0,1,0,0,2,1,0,1,0,0,1,2,1,1,1,1,0,1,1,1,2,1,1,2,2,1,2,0,2,1,1,1,2,1
487,0,1,1,1,1,1,0,1,1,1,1,1,2,1,1,0,1,2,0,2,1,1,2,2,1,2,0,1,1,0,1,0,1,1,1,0,2,1,2,1,0,1,1,2,1,1,1,0,1,0,1,2,1,1,1,0,1,2,1,1,2,2,1,2,2,2,2,0,0,2,0,0,2,0,2,2,2,0,2,1,0,1,1,0,2,2,1,0,1,2,1,2,2,1,1,1,1,2,0,2,2,1,2,0,1,2,2,2,0,1,1,1,2,2,1,0,1,1,1,0,1,1,2,0,1,1,1,1,1,1,1,2,1,0,1,1,1,0,1,1,1,1,1,1,0,0,0,2,1,0,0,1,0,2,2,0,0,1,0,1,1,1,2,0,1,1,0,2,1,1,1,0,1,2,1,1,1,2,1,1,1,2,0,1,0,0,1,0,0,1,2,1,1,0,1,0,1,2,1,2
488,1,2,0,0,0,1,2,2,2,0,0,2,2,0,0,2,0,0,0,0,0,0,1,1,0,1,0,2,2,2,0,1,0,2,0,2,2,2,1,1,0,1,1,2,2,1,2,1,0,2,2,1,1,0,1,0,1,1,2,2,2,2,1,0,1,0,1,1,1,2,1,2,1,2,1,2,1,1,0,1,2,1,2,1,0,1,2,2,1,2,1,0,1,0,0,1,0,2,0,2,1,1,2,0,0,1,1,1,0,0,1,0,2,1,2,1,1,1,1,1,2,1,1,0,0,2,1,2,0,0,2,1,1,0,1,1,0,1,1,2,2,1,0,0,0,1,0,1,1,1,0,2,0,1,2,0,1,2,1,1,1,1,2,0,0,1,1,2,1,1,0,2,1,0,1,1,1,1,1,1,1,1,1,2,1,1,0,1,1,0,1,2,1,0,1,1,1,0,2,2
489,2,2,0,2,0,0,1,1,2,1,1,2,1,1,1,2,1,0,1,1,1,1,2,0,1,1,1,2,1,1,1,0,1,1,0,1,1,1,1,0,1,0,2,0,0,0,2,1,1,1,0,1,0,1,1,2,2,1,1,0,1,0,1,1,0,1,1,0,2,1,1,2,0,2,1,2,1,2,2,2,2,2,1,1,1,0,1,2,2,1,0,0,2,1,2,2,0,2,1,0,0,0,1,1,1,0,1,2,1,0,1,2,0,2,2,0,1,1,2,1,1,0,1,0,0,0,2,1,1,2,1,0,1,2,1,1,1,2,2,1,1,1,0,1,2,2,2,1,1,2,2,1,0,0,1,1,1,1,1,1,0,0,1,0,1,1,0,1,1,0,0,2,1,0,1,1,1,0,0,2,1,0,1,1,2,1,1,1,1,1,1,1,1,1,2,1,2,0,0,1
490,2,1,1,1,1,1,0,2,0,0,1,1,1,2,2,1,0,1,1,1,2,1,0,1,1,2,0,1,1,1,2,0,2,0,1,1,1,2,1,1,1,1,2,1,0,1,1,0,2,0,0,1,1,2,0,1,1,2,2,0,1,2,1,1,2,1,1,1,1,0,0,1,1,0,1,2,1,0,1,1,1,1,0,1,0,0,1,1,2,1,1,1,1,1,1,1,1,1,0,2,0,0,1,1,0,0,1,1,2,0,0,1,2,1,2,0,0,2,2,1,2,0,2,0,1,0,2,0,1,2,1,1,1,1,2,2,1,1,2,2,0,2,1,1,1,2,2,1,1,2,2,0,1,1,1,1,2,1,1,0,0,1,1,1,0,1,0,1,2,1,0,1,1,2,1,2,1,2,1,0,1,0,1,1,1,2,1,0,0,1,2,0,1,1,2,1,1,0,1,1
491,0,2,1,1,0,2,2,1,2,1,0,1,2,1,0,0,1,2,1,2,0,1,1,1,1,2,1,0,0,1,0,0,2,0,1,0,2,1,1,1,1,2,2,1,0,1,0,1,2,0,0,1,1,1,1,1,1,2,2,0,2,2,0,0,2,1,0,0,1,1,1,1,2,0,1,2,1,0,1,0,1,1,2,1,2,0,2,2,1,1,1,1,2,1,1,0,1,1,0,1,1,2,1,1,0,0,2,1,1,0,1,1,2,1,1,1,2,0,1,1,1,2,1,1,1,2,1,1,2,1,1,1,1,0,2,1,1,2,0,1,0,0,2,2,2,2,1,1,1,2,2,1,1,1,0,2,1,1,0,2,1,1,1,0,2,0,0,2,0,1,2,1,1,1,1,1,1,2,0,0,0,2,0,2,1,1,1,0,0,1,2,0,1,0,1,0,1,2,1,2
492,2,0,1,2,1,2,1,1,1,1,0,1,2,2,1,1,1,1,2,0,2,0,1,2,0,1,1,1,0,1,1,1,0,2,0,2,2,2,1,1,0,1,0,1,1,0,2,1,0,0,1,1,0,0,2,1,2,2,1,1,1,1,1,1,1,2,1,0,1,1,0,1,1,1,2,2,1,1,2,1,1,1,1,1,2,1,1,1,2,1,0,1,2,2,2,1,0,2,0,1,1,0,1,0,0,1,1,2,0,1,2,0,2,2,2,0,1,1,2,0,2,1,1,1,1,2,0,2,0,1,2,1,0,0,0,1,0,0,1,2,1,2,0,0,0,1,1,2,1,1,1,1,1,2,2,1,0,2,1,1,2,2,1,1,1,0,1,0,0,2,0,1,2,1,1,1,2,1,2,1,1,2,1,1,1,0,0,1,1,0,2,1,1,0,0,0,2,1,0,1
493,0,1,1,0,0,2,2,1,1,0,1,2,2,0,0,2,0,0,0,0,0,0,0,2,0,0,0,1,2,2,0,2,1,1,0,1,1,1,1,2,0,0,0,0,2,0,2,1,0,2,2,1,2,0,2,0,1,1,2,1,2,2,1,0,1,0,0,0,0,2,1,2,1,1,1,2,2,1,1,1,1,1,2,0,1,1,2,2,2,1,1,0,1,1,1,1,0,2,0,1,0,1,1,0,0,0,0,1,1,0,0,1,2,1,1,1,2,2,0,1,1,2,1,0,1,1,2,1,1,2,1,2,2,1,2,2,1,1,2,1,1,1,2,2,0,2,2,2,0,1,1,0,1,2,1,1,2,1,0,0,1,1,1,1,1,0,0,2,2,1,1,2,1,0,1,0,2,2,2,1,2,1,2,2,1,1,0,2,2,1,1,2,0,0,1,1,1,1,1,1
494,0,2,1,1,0,2,2,1,2,0,0,2,2,1,0,1,0,1,1,2,1,1,0,0,0,2,2,1,1,2,0,1,1,1,1,0,2,1,1,0,1,1,1,1,1,1,1,2,0,1,1,1,0,1,0,1,0,0,1,2,2,1,1,0,0,1,2,1,1,2,2,1,1,2,2,1,1,0,2,1,2,1,1,2,1,0,2,2,1,1,2,1,1,0,0,1,2,2,0,2,1,1,1,1,0,0,1,1,2,0,1,0,2,2,2,1,1,1,2,1,2,1,2,0,0,1,0,1,1,1,2,1,1,0,2,1,2,1,0,1,0,0,2,2,1,1,0,1,1,1,1,0,1,2,1,1,2,2,0,1,2,2,1,0,1,0,0,2,1,2,0,1,2,0,1,1,1,2,2,0,0,1,1,2,2,1,1,1,1,1,1,0,0,1,1,1,1,1,1,1
495,0,2,1,1,0,2,2,2,1,0,0,2,1,1,0,1,0,1,1,0,1,1,0,2,1,1,1,2,1,2,0,1,2,0,1,0,1,1,1,2,0,0,0,1,2,0,2,0,0,1,2,1,1,0,2,0,2,1,0,1,2,1,2,0,1,1,2,1,2,1,0,0,1,0,0,1,2,2,1,2,2,1,1,1,1,0,1,2,1,2,2,2,1,1,1,1,1,2,0,1,1,2,1,1,1,1,2,2,0,1,1,2,2,0,1,2,1,2,1,1,0,0,1,1,1,2,0,1,1,1,2,0,0,0,1,1,1,2,1,2,0,2,1,1,0,2,1,1,0,2,1,1,1,1,1,1,2,1,1,1,1,2,2,1,0,1,1,2,1,1,2,2,1,1,1,1,1,1,0,0,1,1,1,2,1,1,0,2,2,0,0,2,0,0,2,2,1,1,2,1
496,1,1,1,1,0,1,1,1,1,1,1,2,2,0,0,2,1,0,2,1,0,1,0,1,1,1,1,1,2,2,0,1,1,1,1,1,1,0,1,1,2,0,2,1,0,1,2,2,0,0,0,0,1,0,2,2,1,1,1,1,0,1,0,0,1,1,1,1,2,1,1,2,0,2,1,2,1,2,2,2,2,2,1,1,1,0,1,2,2,1,0,0,2,1,2,2,0,2,1,0,1,0,0,1,1,1,0,1,2,1,0,1,1,1,1,1,1,1,1,1,1,0,2,0,1,0,0,2,1,2,1,1,2,1,1,0,0,1,2,1,2,1,1,0,0,0,1,2,2,0,0,2,0,1,2,1,1,2,1,1,1,0,2,1,0,0,2,1,1,2,0,1,0,1,1,2,1,0,0,2,0,0,0,1,2,1,0,1,1,1,2,2,2,0,1,0,1,0,2,1
497,2,0,1,2,1,2,1,1,1,0,1,2,2,2,1,0,0,1,2,1,1,0,0,1,1,2,1,1,1,2,1,0,2,0,2,1,1,1,0,1,2,1,2,0,0,0,1,1,2,0,0,0,0,1,1,2,2,2,2,0,2,2,1,1,2,1,0,0,2,2,1,1,2,1,2,1,1,1,1,1,1,1,1,2,1,0,1,2,0,1,1,1,2,1,1,1,1,2,0,1,2,2,1,2,0,0,2,0,2,0,1,1,2,1,2,1,1,1,2,0,2,1,2,0,0,0,1,1,1,2,1,0,1,2,1,1,1,2,2,2,1,2,0,0,1,1,2,0,1,1,1,0,1,0,2,0,2,2,1,0,1,1,0,1,2,0,1,1,1,1,0,0,1,2,1,2,2,2,1,1,2,1,0,1,0,1,1,0,0,1,2,1,1,1,1,0,1,2,0,2
498,1,1,1,0,1,1,1,1,1,0,1,0,1,1,2,1,1,1,1,1,2,1,1,1,1,1,0,0,0,2,1,1,1,0,1,2,0,1,1,1,0,1,1,1,1,2,1,1,1,1,0,1,2,1,2,1,1,1,0,2,0,1,1,1,2,1,1,1,0,0,2,2,1,0,2,2,2,1,1,1,1,1,1,2,1,0,2,2,2,0,2,0,0,0,0,2,2,2,0,2,2,2,0,2,0,2,2,0,0,2,2,0,2,2,2,0,2,2,2,0,2,2,1,2,2,0,1,1,2,1,1,0,2,1,1,1,0,2,1,1,1,0,1,2,2,2,0,0,2,1,1,1,2,2,1,1,2,1,0,2,1,2,1,1,1,0,0,1,0,1,0,2,2,0,1,0,2,0,1,1,0,1,0,1,2,1,1,2,2,1,1,2,1,0,2,2,1,1,2,0
499,2,2,0,1,1,0,0,2,1,1,0,1,1,1,1,2,1,1,1,1,1,1,1,0,1,1,0,0,1,1,1,0,2,0,0,1,0,1,0,2,1,0,1,0,1,0,2,1,1,1,1,1,1,1,1,1,1,2,2,1,1,2,2,1,2,1,1,1,1,1,0,1,0,0,1,1,2,0,1,1,1,0,1,2,1,0,2,1,0,2,2,2,1,2,1,1,2,1,1,2,1,0,0,1,1,0,0,2,1,0,1,1,1,1,1,1,1,1,2,1,1,1,2,0,1,0,1,2,1,2,1,1,1,1,2,2,2,1,1,1,0,0,1,2,1,1,1,1,0,1,1,0,0,1,2,1,1,2,0,0,2,2,2,0,0,0,1,1,0,2,0,2,2,0,0,0,0,2,0,1,0,0,1,0,2,2,1,1,1,1,2,1,1,0,2,2,1,0,1,1
500,2,1,0,2,1,1,1,1,2,1,0,2,2,1,0,1,1,1,2,1,0,0,1,0,0,2,0,1,1,2,1,0,1,1,0,2,1,1,1,0,1,0,1,1,0,1,1,1,0,0,0,1,1,1,2,2,1,1,1,0,1,1,0,1,1,2,1,0,1,1,0,1,1,1,2,2,1,1,2,2,1,2,2,1,2,0,0,2,1,1,2,2,2,1,2,1,1,2,0,1,1,1,1,0,1,1,1,2,1,1,1,2,1,2,1,0,1,2,1,1,1,1,2,0,1,0,2,0,1,2,1,1,1,1,2,2,1,2,2,1,0,1,1,1,2,2,1,0,2,2,2,0,1,1,1,1,2,2,1,1,1,1,0,0,1,1,0,1,1,1,0,2,2,0,2,0,2,0,0,2,0,0,0,0,2,2,2,2,2,2,2,2,2,0,2,2,2,0,0,2
