ID,m1,m2,m3,m4,m5,m6,m7,m8,m9,m10,m11,m12,m13,m14,m15,m16,m17,m18,m19,m20,m21,m22,m23,m24,m25,m26,m27,m28,m29,m30,m31,m32,m33,m34,m35,m36,m37,m38,m39,m40,m41,m42,m43,m44,m45,m46,m47,m48,m49,m50,m51,m52,m53,m54,m55,m56,m57,m58,m59,m60,m61,m62,m63,m64,m65,m66,m67,m68,m69,m70,m71,m72,m73,m74,m75,m76,m77,m78,m79,m80,m81,m82,m83,m84,m85,m86,m87,m88,m89,m90,m91,m92,m93,m94,m95,m96,m97,m98,m99,m100,m101,m102,m103,m104,m105,m106,m107,m108,m109,m110,m111,m112,m113,m114,m115,m116,m117,m118,m119,m120,m121,m122,m123,m124,m125,m126,m127,m128,m129,m130,m131,m132,m133,m134,m135,m136,m137,m138,m139,m140,m141,m142,m143,m144,m145,m146,m147,m148,m149,m150,m151,m152,m153,m154,m155,m156,m157,m158,m159,m160,m161,m162,m163,m164
1,1.0,0.0,1.0,0.0,0.0,0.0,2.0,0.0,0.0,2.0,0.0,0.0,2.0,1.0,2.0,0.0,1.0,0.0,2.0,0.0,1.0,1.0,1.0,1.0,0.0,0.0,2.0,2.0,2.0,0.0,1.0,0.0,0.0,0.0,0.0,2.0,0.0,2.0,0.0,0.0,0.0,1.0,1.0,1.0,1.0,1.0,1.0,0.0,2.0,0.0,1.0,1.0,2.0,1.0,1.0,2.0,0.0,0.0,0.0,0.0,2.0,1.0,1.0,2.0,2.0,2.0,0.0,0.0,0.0,1.0,0.0,0.0,0.0,1.0,1.0,2.0,1.0,0.0,2.0,2.0,1.0,1.0,2.0,2.0,0.0,2.0,0.0,0.0,0.0,0.0,0.0,2.0,0.0,0.0,0.0,1.0,1.0,1.0,0.0,0.0,0.0,1.0,2.0,2.0,0.0,0.0,1.0,1.0,1.0,0.0,2.0,0.0,0.0,0.0,0.0,2.0,2.0,2.0,1.0,0.0,0.0,0.0,2.0,0.0,2.0,2.0,2.0,0.0,0.0,2.0,0.0,2.0,2.0,1.0,1.0,2.0,0.0,2.0,2.0,2.0,2.0,2.0,2.0,2.0,1.0,1.0,1.0,2.0,1.0,1.0,1.0,0.0,0.0,2.0,0.0,0.0,2.0,0.0,2.0,2.0,2.0,1.0,2.0,0.0
2,2.0,1.0,2.0,2.0,1.0,2.0,1.0,1.0,0.0,2.0,0.0,0.0,2.0,1.0,2.0,0.0,0.0,0.0,0.0,2.0,2.0,2.0,2.0,2.0,0.0,2.0,0.0,0.0,2.0,1.0,0.0,1.0,1.0,1.0,0.0,0.0,0.0,2.0,2.0,2.0,0.0,2.0,1.0,1.0,1.0,1.0,1.0,1.0,1.0,0.0,1.0,1.0,2.0,1.0,0.0,2.0,0.0,0.0,0.0,0.0,2.0,2.0,1.0,2.0,2.0,2.0,0.0,0.0,0.0,0.0,1.0,1.0,1.0,1.0,1.0,0.0,2.0,1.0,2.0,2.0,1.0,1.0,0.0,1.0,0.0,2.0,2.0,1.0,0.0,0.0,0.0,2.0,1.0,1.0,2.0,1.0,1.0,1.0,1.0,1.0,1.0,1.0,2.0,1.0,1.0,0.0,1.0,2.0,0.0,0.0,1.0,1.0,1.0,1.0,1.0,1.0,1.0,1.0,1.0,1.0,0.0,0.0,2.0,0.0,1.0,2.0,2.0,0.0,0.0,2.0,1.0,0.0,1.0,1.0,2.0,2.0,2.0,0.0,2.0,0.0,0.0,0.0,2.0,2.0,1.0,2.0,2.0,2.0,0.0,2.0,2.0,1.0,1.0,1.0,1.0,0.0,2.0,1.0,1.0,2.0,1.0,0.0,2.0,0.0
3,0.0,0.0,2.0,2.0,0.0,2.0,2.0,0.0,2.0,2.0,0.0,0.0,2.0,0.0,2.0,0.0,2.0,0.0,2.0,2.0,2.0,2.0,2.0,2.0,1.0,0.0,2.0,1.0,1.0,0.0,0.0,0.0,0.0,0.0,2.0,1.0,0.0,2.0,1.0,1.0,0.0,1.0,2.0,0.0,2.0,1.0,1.0,0.0,0.0,1.0,1.0,1.0,2.0,1.0,0.0,1.0,0.0,0.0,1.0,0.0,1.0,1.0,1.0,2.0,1.0,2.0,1.0,1.0,0.0,0.0,1.0,1.0,1.0,1.0,2.0,1.0,1.0,0.0,2.0,1.0,0.0,0.0,2.0,2.0,0.0,2.0,1.0,0.0,0.0,1.0,0.0,2.0,0.0,0.0,0.0,0.0,0.0,2.0,0.0,0.0,0.0,2.0,2.0,2.0,1.0,0.0,0.0,1.0,1.0,1.0,1.0,1.0,1.0,1.0,0.0,1.0,1.0,0.0,0.0,2.0,0.0,0.0,2.0,0.0,2.0,0.0,1.0,1.0,1.0,1.0,1.0,1.0,1.0,1.0,1.0,1.0,1.0,1.0,1.0,1.0,0.0,1.0,1.0,1.0,2.0,1.0,1.0,2.0,0.0,2.0,1.0,2.0,0.0,1.0,1.0,1.0,1.0,0.0,1.0,1.0,2.0,1.0,1.0,0.0
4,0.0,0.0,2.0,2.0,0.0,2.0,2.0,0.0,2.0,2.0,0.0,0.0,1.0,1.0,1.0,0.0,1.0,0.0,1.0,1.0,2.0,2.0,2.0,2.0,1.0,0.0,2.0,2.0,2.0,0.0,1.0,0.0,0.0,1.0,1.0,0.0,0.0,1.0,1.0,2.0,1.0,1.0,1.0,1.0,2.0,1.0,1.0,1.0,1.0,0.0,1.0,1.0,2.0,1.0,1.0,1.0,0.0,0.0,1.0,0.0,1.0,0.0,2.0,2.0,2.0,0.0,0.0,2.0,2.0,2.0,2.0,2.0,2.0,2.0,2.0,0.0,2.0,0.0,2.0,2.0,0.0,0.0,2.0,2.0,0.0,2.0,0.0,0.0,0.0,0.0,0.0,2.0,0.0,0.0,0.0,0.0,0.0,0.0,0.0,0.0,0.0,0.0,2.0,2.0,0.0,0.0,2.0,2.0,0.0,2.0,0.0,2.0,2.0,2.0,0.0,0.0,0.0,0.0,0.0,2.0,0.0,0.0,2.0,0.0,2.0,2.0,2.0,0.0,0.0,2.0,2.0,0.0,2.0,2.0,1.0,2.0,1.0,1.0,2.0,1.0,1.0,1.0,2.0,2.0,1.0,1.0,2.0,1.0,1.0,1.0,1.0,0.0,1.0,0.0,2.0,1.0,1.0,1.0,2.0,2.0,2.0,2.0,0.0,0.0
5,1.0,0.0,1.0,2.0,1.0,1.0,2.0,0.0,1.0,1.0,1.0,1.0,1.0,1.0,2.0,0.0,1.0,0.0,1.0,2.0,1.0,1.0,1.0,1.0,1.0,0.0,2.0,2.0,1.0,0.0,2.0,1.0,0.0,0.0,1.0,0.0,1.0,2.0,2.0,2.0,0.0,1.0,2.0,0.0,2.0,1.0,1.0,1.0,2.0,0.0,1.0,1.0,1.0,1.0,0.0,1.0,0.0,0.0,1.0,0.0,1.0,1.0,1.0,2.0,2.0,2.0,0.0,0.0,0.0,1.0,2.0,2.0,2.0,1.0,1.0,0.0,0.0,0.0,2.0,1.0,1.0,1.0,2.0,1.0,1.0,1.0,1.0,0.0,1.0,1.0,1.0,1.0,0.0,2.0,2.0,1.0,0.0,0.0,0.0,0.0,0.0,0.0,2.0,2.0,1.0,0.0,1.0,1.0,1.0,0.0,2.0,0.0,0.0,0.0,0.0,2.0,2.0,1.0,0.0,2.0,0.0,0.0,2.0,0.0,2.0,0.0,1.0,0.0,1.0,1.0,0.0,1.0,1.0,1.0,1.0,1.0,0.0,1.0,0.0,2.0,0.0,2.0,1.0,1.0,1.0,1.0,2.0,1.0,1.0,1.0,2.0,0.0,0.0,2.0,0.0,0.0,2.0,0.0,2.0,1.0,2.0,0.0,2.0,0.0
6,1.0,0.0,1.0,1.0,0.0,2.0,1.0,1.0,1.0,2.0,0.0,0.0,2.0,0.0,2.0,0.0,2.0,0.0,2.0,1.0,2.0,2.0,2.0,2.0,0.0,0.0,0.0,0.0,0.0,0.0,1.0,1.0,0.0,0.0,1.0,1.0,1.0,2.0,0.0,0.0,0.0,1.0,1.0,1.0,2.0,2.0,1.0,0.0,0.0,1.0,1.0,1.0,2.0,1.0,0.0,1.0,0.0,0.0,1.0,0.0,1.0,0.0,2.0,2.0,2.0,1.0,0.0,1.0,1.0,1.0,1.0,1.0,1.0,1.0,2.0,1.0,1.0,0.0,1.0,2.0,0.0,0.0,2.0,2.0,1.0,1.0,1.0,1.0,0.0,0.0,0.0,2.0,1.0,0.0,0.0,1.0,0.0,2.0,1.0,1.0,1.0,1.0,2.0,2.0,0.0,1.0,1.0,1.0,1.0,1.0,1.0,1.0,1.0,1.0,0.0,1.0,1.0,0.0,0.0,2.0,1.0,1.0,1.0,0.0,2.0,0.0,2.0,0.0,0.0,2.0,1.0,1.0,1.0,1.0,0.0,1.0,0.0,2.0,1.0,2.0,1.0,2.0,1.0,1.0,1.0,1.0,2.0,1.0,1.0,1.0,2.0,1.0,2.0,0.0,2.0,0.0,2.0,2.0,1.0,2.0,1.0,1.0,1.0,0.0
7,0.0,1.0,2.0,0.0,1.0,1.0,2.0,0.0,1.0,2.0,1.0,1.0,1.0,1.0,2.0,0.0,0.0,0.0,0.0,2.0,2.0,2.0,2.0,2.0,1.0,1.0,1.0,1.0,2.0,1.0,1.0,0.0,0.0,1.0,2.0,1.0,0.0,2.0,1.0,1.0,0.0,2.0,2.0,0.0,2.0,2.0,2.0,2.0,2.0,0.0,0.0,0.0,0.0,0.0,0.0,0.0,0.0,0.0,2.0,0.0,2.0,2.0,2.0,2.0,2.0,2.0,0.0,0.0,0.0,0.0,0.0,0.0,0.0,0.0,1.0,1.0,0.0,0.0,2.0,0.0,1.0,1.0,0.0,1.0,1.0,1.0,2.0,1.0,0.0,1.0,0.0,2.0,1.0,0.0,1.0,2.0,0.0,1.0,0.0,0.0,0.0,1.0,2.0,1.0,1.0,0.0,0.0,2.0,0.0,0.0,0.0,2.0,2.0,2.0,2.0,0.0,0.0,0.0,0.0,2.0,0.0,0.0,2.0,1.0,1.0,0.0,0.0,0.0,2.0,1.0,0.0,2.0,1.0,0.0,0.0,0.0,0.0,2.0,0.0,2.0,1.0,2.0,1.0,1.0,2.0,1.0,1.0,2.0,0.0,2.0,1.0,2.0,0.0,2.0,0.0,0.0,2.0,1.0,0.0,1.0,1.0,0.0,2.0,1.0
8,1.0,0.0,1.0,1.0,0.0,2.0,1.0,1.0,1.0,1.0,0.0,0.0,2.0,0.0,2.0,0.0,1.0,0.0,1.0,1.0,2.0,2.0,2.0,2.0,0.0,0.0,1.0,1.0,1.0,0.0,0.0,1.0,0.0,0.0,0.0,0.0,0.0,1.0,1.0,2.0,1.0,1.0,1.0,1.0,0.0,0.0,0.0,0.0,2.0,0.0,1.0,1.0,2.0,0.0,0.0,1.0,1.0,0.0,1.0,1.0,2.0,1.0,0.0,2.0,1.0,2.0,1.0,1.0,0.0,1.0,2.0,2.0,2.0,2.0,2.0,0.0,1.0,0.0,2.0,1.0,2.0,1.0,1.0,2.0,0.0,2.0,1.0,0.0,0.0,0.0,0.0,1.0,0.0,0.0,1.0,1.0,1.0,1.0,2.0,2.0,2.0,1.0,1.0,2.0,1.0,0.0,0.0,0.0,2.0,0.0,2.0,0.0,0.0,0.0,0.0,2.0,2.0,1.0,1.0,1.0,0.0,0.0,2.0,0.0,2.0,1.0,2.0,0.0,0.0,2.0,1.0,1.0,2.0,1.0,1.0,1.0,1.0,1.0,1.0,1.0,0.0,1.0,2.0,2.0,2.0,1.0,1.0,2.0,0.0,2.0,1.0,1.0,1.0,0.0,2.0,1.0,1.0,1.0,1.0,2.0,1.0,1.0,1.0,1.0
9,1.0,0.0,1.0,1.0,0.0,2.0,1.0,1.0,1.0,2.0,1.0,1.0,2.0,1.0,1.0,1.0,1.0,1.0,2.0,0.0,2.0,2.0,2.0,2.0,0.0,0.0,2.0,2.0,2.0,1.0,1.0,0.0,1.0,2.0,1.0,0.0,0.0,2.0,2.0,2.0,0.0,2.0,2.0,0.0,1.0,1.0,1.0,0.0,0.0,1.0,1.0,1.0,2.0,1.0,1.0,1.0,0.0,1.0,2.0,0.0,1.0,0.0,1.0,1.0,2.0,2.0,0.0,0.0,0.0,1.0,2.0,2.0,2.0,2.0,2.0,0.0,2.0,2.0,2.0,2.0,1.0,1.0,2.0,1.0,2.0,0.0,1.0,0.0,1.0,1.0,0.0,2.0,0.0,0.0,1.0,2.0,1.0,0.0,0.0,0.0,0.0,0.0,2.0,2.0,1.0,1.0,2.0,2.0,0.0,1.0,1.0,1.0,1.0,1.0,0.0,1.0,1.0,1.0,0.0,2.0,1.0,1.0,1.0,0.0,2.0,0.0,1.0,0.0,1.0,1.0,0.0,2.0,2.0,2.0,1.0,2.0,0.0,0.0,0.0,1.0,0.0,1.0,2.0,2.0,1.0,0.0,1.0,0.0,2.0,0.0,2.0,0.0,0.0,2.0,0.0,0.0,2.0,0.0,2.0,1.0,2.0,1.0,1.0,0.0
10,0.0,0.0,2.0,1.0,0.0,1.0,2.0,0.0,1.0,2.0,0.0,0.0,1.0,2.0,1.0,0.0,0.0,0.0,1.0,0.0,2.0,2.0,2.0,2.0,0.0,0.0,2.0,2.0,2.0,0.0,1.0,0.0,1.0,1.0,0.0,1.0,0.0,2.0,1.0,1.0,0.0,1.0,1.0,1.0,1.0,1.0,1.0,0.0,1.0,0.0,0.0,0.0,2.0,0.0,0.0,2.0,0.0,0.0,0.0,1.0,1.0,2.0,2.0,2.0,2.0,2.0,0.0,0.0,0.0,0.0,0.0,0.0,0.0,0.0,2.0,2.0,2.0,0.0,1.0,2.0,1.0,1.0,2.0,2.0,0.0,2.0,0.0,0.0,0.0,0.0,0.0,2.0,0.0,0.0,0.0,2.0,1.0,1.0,0.0,0.0,0.0,1.0,2.0,2.0,0.0,0.0,0.0,1.0,1.0,0.0,1.0,1.0,1.0,1.0,1.0,1.0,1.0,1.0,0.0,1.0,0.0,0.0,2.0,0.0,2.0,1.0,2.0,0.0,0.0,2.0,1.0,1.0,2.0,2.0,0.0,2.0,0.0,2.0,2.0,2.0,1.0,2.0,1.0,1.0,1.0,1.0,1.0,2.0,1.0,1.0,2.0,0.0,1.0,1.0,1.0,0.0,2.0,1.0,2.0,2.0,2.0,2.0,1.0,0.0
11,1.0,0.0,1.0,1.0,0.0,2.0,1.0,1.0,1.0,2.0,0.0,0.0,2.0,0.0,2.0,0.0,2.0,0.0,2.0,2.0,2.0,2.0,2.0,2.0,1.0,0.0,2.0,2.0,2.0,0.0,2.0,0.0,0.0,0.0,1.0,1.0,0.0,2.0,2.0,2.0,0.0,1.0,2.0,0.0,2.0,0.0,0.0,1.0,2.0,0.0,2.0,2.0,2.0,1.0,1.0,1.0,0.0,1.0,2.0,0.0,1.0,0.0,2.0,2.0,1.0,2.0,0.0,0.0,0.0,0.0,1.0,1.0,1.0,1.0,2.0,1.0,2.0,0.0,2.0,2.0,1.0,1.0,2.0,1.0,0.0,2.0,1.0,0.0,1.0,1.0,1.0,1.0,1.0,0.0,0.0,2.0,0.0,0.0,0.0,0.0,0.0,0.0,2.0,2.0,0.0,1.0,2.0,1.0,0.0,1.0,0.0,1.0,1.0,1.0,0.0,1.0,1.0,1.0,0.0,1.0,1.0,0.0,1.0,1.0,1.0,1.0,1.0,0.0,1.0,2.0,0.0,2.0,2.0,1.0,0.0,1.0,0.0,2.0,1.0,2.0,1.0,2.0,1.0,1.0,1.0,2.0,2.0,2.0,0.0,2.0,1.0,2.0,0.0,0.0,1.0,1.0,1.0,0.0,1.0,1.0,2.0,1.0,2.0,2.0
12,0.0,0.0,2.0,2.0,0.0,2.0,2.0,0.0,2.0,2.0,0.0,0.0,2.0,0.0,2.0,1.0,1.0,1.0,2.0,0.0,1.0,1.0,1.0,1.0,0.0,0.0,1.0,2.0,2.0,0.0,0.0,0.0,0.0,0.0,1.0,1.0,0.0,1.0,0.0,1.0,0.0,1.0,2.0,0.0,2.0,2.0,2.0,1.0,1.0,0.0,0.0,0.0,1.0,1.0,0.0,1.0,0.0,0.0,1.0,0.0,1.0,0.0,0.0,0.0,0.0,2.0,2.0,2.0,0.0,1.0,2.0,2.0,2.0,2.0,1.0,1.0,1.0,0.0,1.0,2.0,1.0,1.0,2.0,2.0,1.0,1.0,1.0,1.0,0.0,0.0,0.0,2.0,0.0,1.0,1.0,2.0,0.0,2.0,1.0,1.0,1.0,1.0,2.0,2.0,1.0,0.0,2.0,2.0,0.0,1.0,1.0,1.0,0.0,0.0,0.0,2.0,2.0,0.0,0.0,2.0,0.0,0.0,2.0,0.0,2.0,0.0,1.0,0.0,1.0,2.0,1.0,1.0,2.0,2.0,1.0,2.0,0.0,1.0,0.0,2.0,0.0,2.0,2.0,2.0,2.0,0.0,2.0,0.0,2.0,0.0,2.0,1.0,0.0,1.0,1.0,1.0,1.0,0.0,2.0,2.0,2.0,2.0,0.0,0.0
13,2.0,1.0,1.0,1.0,0.0,2.0,1.0,1.0,0.0,1.0,0.0,0.0,2.0,0.0,2.0,0.0,1.0,0.0,1.0,2.0,2.0,2.0,2.0,2.0,0.0,0.0,1.0,1.0,1.0,1.0,1.0,2.0,0.0,0.0,0.0,0.0,0.0,2.0,1.0,2.0,1.0,1.0,1.0,1.0,1.0,1.0,1.0,0.0,1.0,0.0,0.0,1.0,1.0,1.0,1.0,2.0,1.0,0.0,0.0,2.0,1.0,1.0,1.0,2.0,1.0,2.0,0.0,0.0,0.0,1.0,2.0,2.0,2.0,1.0,2.0,1.0,2.0,0.0,2.0,2.0,1.0,1.0,1.0,1.0,1.0,1.0,2.0,0.0,1.0,1.0,0.0,2.0,0.0,0.0,2.0,1.0,0.0,1.0,1.0,1.0,1.0,1.0,2.0,1.0,1.0,1.0,1.0,2.0,0.0,1.0,0.0,2.0,2.0,2.0,1.0,0.0,0.0,0.0,0.0,2.0,1.0,1.0,1.0,0.0,2.0,0.0,2.0,0.0,0.0,2.0,1.0,1.0,2.0,1.0,1.0,1.0,0.0,1.0,0.0,2.0,0.0,2.0,2.0,2.0,2.0,0.0,1.0,1.0,1.0,1.0,2.0,0.0,1.0,1.0,1.0,0.0,2.0,2.0,1.0,2.0,1.0,1.0,0.0,0.0
14,2.0,0.0,0.0,1.0,1.0,1.0,1.0,1.0,0.0,1.0,0.0,0.0,2.0,0.0,2.0,0.0,2.0,0.0,2.0,0.0,2.0,2.0,2.0,2.0,0.0,0.0,2.0,2.0,2.0,1.0,1.0,1.0,0.0,0.0,0.0,1.0,0.0,2.0,1.0,1.0,0.0,2.0,2.0,0.0,1.0,1.0,1.0,0.0,2.0,0.0,2.0,2.0,2.0,2.0,2.0,2.0,0.0,1.0,2.0,0.0,1.0,1.0,2.0,2.0,0.0,2.0,0.0,0.0,0.0,0.0,2.0,2.0,2.0,0.0,2.0,2.0,2.0,0.0,2.0,2.0,0.0,0.0,2.0,0.0,0.0,2.0,2.0,0.0,2.0,2.0,2.0,0.0,2.0,0.0,0.0,2.0,1.0,1.0,1.0,1.0,1.0,2.0,1.0,2.0,0.0,0.0,0.0,1.0,1.0,0.0,1.0,1.0,1.0,1.0,1.0,1.0,1.0,1.0,1.0,1.0,0.0,0.0,2.0,0.0,2.0,0.0,1.0,0.0,1.0,1.0,1.0,1.0,2.0,1.0,1.0,2.0,1.0,1.0,2.0,1.0,1.0,0.0,2.0,2.0,2.0,1.0,1.0,2.0,1.0,1.0,2.0,0.0,0.0,2.0,0.0,0.0,2.0,0.0,2.0,1.0,2.0,0.0,1.0,0.0
15,1.0,0.0,1.0,1.0,0.0,1.0,2.0,0.0,1.0,2.0,1.0,1.0,2.0,1.0,1.0,1.0,1.0,1.0,2.0,0.0,1.0,1.0,1.0,1.0,0.0,0.0,2.0,2.0,2.0,1.0,1.0,0.0,1.0,1.0,0.0,1.0,0.0,2.0,1.0,1.0,0.0,1.0,1.0,1.0,0.0,0.0,0.0,0.0,1.0,1.0,1.0,1.0,2.0,0.0,0.0,1.0,0.0,0.0,1.0,0.0,1.0,1.0,2.0,2.0,2.0,2.0,0.0,0.0,0.0,2.0,1.0,1.0,1.0,2.0,1.0,1.0,1.0,1.0,2.0,2.0,1.0,1.0,2.0,2.0,1.0,1.0,0.0,0.0,0.0,0.0,0.0,2.0,0.0,0.0,0.0,2.0,2.0,0.0,0.0,0.0,0.0,0.0,2.0,2.0,0.0,1.0,2.0,2.0,0.0,1.0,1.0,1.0,1.0,1.0,0.0,1.0,1.0,1.0,1.0,1.0,1.0,1.0,1.0,0.0,2.0,1.0,2.0,0.0,0.0,2.0,0.0,2.0,2.0,2.0,1.0,2.0,0.0,1.0,1.0,2.0,1.0,2.0,2.0,2.0,2.0,0.0,1.0,1.0,2.0,0.0,2.0,0.0,0.0,2.0,0.0,0.0,2.0,0.0,2.0,1.0,2.0,1.0,2.0,0.0
16,1.0,0.0,1.0,1.0,0.0,1.0,2.0,0.0,1.0,2.0,1.0,1.0,2.0,1.0,1.0,1.0,1.0,1.0,2.0,0.0,1.0,1.0,1.0,1.0,0.0,0.0,2.0,2.0,2.0,1.0,2.0,0.0,0.0,1.0,1.0,1.0,0.0,2.0,1.0,1.0,0.0,1.0,1.0,1.0,1.0,1.0,1.0,0.0,1.0,0.0,0.0,0.0,2.0,1.0,1.0,2.0,0.0,1.0,1.0,0.0,2.0,1.0,0.0,1.0,2.0,2.0,0.0,0.0,0.0,2.0,1.0,1.0,1.0,2.0,1.0,1.0,1.0,1.0,2.0,2.0,1.0,1.0,2.0,2.0,1.0,1.0,0.0,0.0,0.0,0.0,0.0,2.0,0.0,0.0,0.0,1.0,0.0,1.0,0.0,0.0,0.0,1.0,2.0,2.0,1.0,0.0,1.0,1.0,1.0,0.0,2.0,0.0,0.0,0.0,0.0,2.0,2.0,2.0,0.0,1.0,0.0,0.0,2.0,0.0,2.0,1.0,1.0,0.0,1.0,1.0,0.0,2.0,2.0,1.0,2.0,2.0,0.0,1.0,1.0,2.0,1.0,2.0,2.0,2.0,1.0,1.0,2.0,1.0,1.0,1.0,1.0,0.0,0.0,2.0,0.0,0.0,2.0,0.0,2.0,1.0,2.0,0.0,2.0,0.0
17,2.0,0.0,0.0,0.0,0.0,1.0,1.0,1.0,0.0,2.0,0.0,0.0,2.0,0.0,2.0,0.0,2.0,0.0,2.0,0.0,1.0,1.0,1.0,1.0,0.0,0.0,2.0,2.0,2.0,1.0,2.0,0.0,0.0,0.0,0.0,2.0,0.0,2.0,0.0,0.0,0.0,1.0,1.0,1.0,0.0,0.0,0.0,0.0,2.0,0.0,1.0,1.0,2.0,1.0,1.0,2.0,0.0,1.0,1.0,0.0,1.0,1.0,1.0,2.0,1.0,2.0,0.0,0.0,0.0,1.0,1.0,1.0,1.0,1.0,1.0,2.0,1.0,0.0,2.0,2.0,0.0,0.0,2.0,1.0,0.0,2.0,1.0,0.0,1.0,1.0,1.0,1.0,1.0,0.0,0.0,2.0,0.0,2.0,0.0,0.0,0.0,2.0,2.0,2.0,0.0,0.0,0.0,1.0,1.0,0.0,1.0,1.0,1.0,1.0,1.0,1.0,1.0,1.0,0.0,1.0,0.0,0.0,2.0,0.0,2.0,1.0,1.0,0.0,1.0,1.0,1.0,1.0,2.0,2.0,1.0,2.0,1.0,1.0,2.0,1.0,1.0,1.0,2.0,2.0,2.0,1.0,1.0,2.0,2.0,0.0,2.0,0.0,0.0,2.0,0.0,0.0,2.0,0.0,2.0,2.0,2.0,1.0,2.0,0.0
18,2.0,0.0,0.0,1.0,1.0,0.0,2.0,0.0,0.0,1.0,0.0,0.0,2.0,0.0,2.0,0.0,2.0,0.0,2.0,0.0,1.0,1.0,1.0,1.0,0.0,0.0,2.0,2.0,2.0,1.0,2.0,0.0,0.0,0.0,0.0,2.0,0.0,2.0,0.0,0.0,0.0,1.0,1.0,1.0,0.0,0.0,0.0,0.0,2.0,0.0,1.0,1.0,2.0,1.0,2.0,2.0,0.0,1.0,1.0,0.0,1.0,0.0,2.0,2.0,1.0,2.0,0.0,0.0,0.0,0.0,1.0,1.0,1.0,0.0,2.0,2.0,2.0,0.0,2.0,2.0,1.0,1.0,2.0,1.0,0.0,2.0,1.0,0.0,1.0,1.0,1.0,1.0,1.0,0.0,0.0,2.0,2.0,0.0,1.0,1.0,1.0,1.0,1.0,2.0,0.0,0.0,1.0,1.0,1.0,0.0,2.0,0.0,0.0,0.0,0.0,2.0,2.0,2.0,2.0,0.0,0.0,0.0,2.0,0.0,2.0,1.0,2.0,0.0,0.0,2.0,0.0,2.0,2.0,0.0,1.0,2.0,0.0,2.0,2.0,2.0,2.0,1.0,2.0,2.0,1.0,1.0,1.0,2.0,0.0,2.0,1.0,0.0,0.0,2.0,0.0,0.0,2.0,0.0,2.0,1.0,2.0,0.0,1.0,0.0
19,1.0,0.0,1.0,1.0,0.0,1.0,2.0,0.0,1.0,2.0,0.0,0.0,2.0,1.0,2.0,1.0,0.0,1.0,2.0,0.0,1.0,1.0,1.0,1.0,0.0,0.0,2.0,2.0,2.0,0.0,1.0,0.0,0.0,0.0,1.0,2.0,0.0,2.0,0.0,1.0,0.0,0.0,1.0,1.0,1.0,1.0,1.0,1.0,2.0,0.0,0.0,0.0,1.0,0.0,0.0,1.0,0.0,0.0,1.0,0.0,2.0,1.0,0.0,1.0,1.0,2.0,1.0,1.0,0.0,2.0,1.0,1.0,1.0,2.0,1.0,1.0,1.0,0.0,2.0,2.0,0.0,0.0,2.0,2.0,1.0,1.0,1.0,1.0,0.0,0.0,0.0,2.0,0.0,0.0,0.0,1.0,0.0,2.0,0.0,0.0,0.0,2.0,2.0,2.0,0.0,0.0,2.0,2.0,0.0,1.0,1.0,1.0,0.0,0.0,0.0,2.0,2.0,1.0,1.0,1.0,0.0,0.0,2.0,0.0,2.0,1.0,2.0,0.0,0.0,2.0,1.0,1.0,2.0,2.0,1.0,2.0,0.0,1.0,1.0,2.0,1.0,2.0,2.0,2.0,2.0,0.0,1.0,1.0,2.0,0.0,2.0,0.0,0.0,2.0,0.0,0.0,2.0,0.0,2.0,2.0,2.0,2.0,1.0,0.0
20,1.0,0.0,1.0,1.0,0.0,1.0,2.0,0.0,1.0,2.0,0.0,0.0,2.0,0.0,2.0,1.0,1.0,1.0,2.0,0.0,0.0,0.0,0.0,0.0,0.0,0.0,2.0,2.0,2.0,0.0,1.0,0.0,0.0,0.0,0.0,1.0,0.0,1.0,0.0,1.0,0.0,1.0,2.0,0.0,2.0,2.0,2.0,1.0,2.0,0.0,1.0,1.0,1.0,1.0,1.0,1.0,0.0,0.0,1.0,0.0,2.0,0.0,0.0,1.0,1.0,2.0,1.0,1.0,0.0,2.0,1.0,1.0,1.0,2.0,1.0,1.0,1.0,0.0,2.0,2.0,0.0,0.0,2.0,2.0,1.0,1.0,1.0,1.0,0.0,0.0,0.0,2.0,0.0,0.0,0.0,1.0,0.0,2.0,0.0,0.0,0.0,2.0,2.0,2.0,0.0,0.0,1.0,1.0,1.0,1.0,1.0,1.0,0.0,0.0,0.0,2.0,2.0,1.0,0.0,1.0,0.0,0.0,2.0,0.0,2.0,1.0,2.0,0.0,0.0,2.0,0.0,2.0,2.0,2.0,0.0,2.0,0.0,2.0,1.0,2.0,1.0,2.0,2.0,2.0,2.0,0.0,1.0,1.0,2.0,0.0,2.0,1.0,0.0,1.0,1.0,1.0,1.0,0.0,2.0,2.0,2.0,2.0,1.0,0.0
21,0.0,0.0,2.0,2.0,0.0,2.0,2.0,0.0,2.0,2.0,0.0,0.0,1.0,1.0,1.0,0.0,1.0,0.0,1.0,1.0,2.0,2.0,2.0,2.0,0.0,0.0,2.0,2.0,2.0,0.0,0.0,0.0,1.0,1.0,1.0,0.0,0.0,2.0,2.0,2.0,0.0,1.0,2.0,0.0,2.0,1.0,1.0,0.0,0.0,1.0,1.0,1.0,2.0,0.0,0.0,1.0,0.0,0.0,1.0,1.0,1.0,2.0,1.0,2.0,1.0,2.0,1.0,1.0,0.0,0.0,1.0,1.0,1.0,0.0,2.0,2.0,1.0,0.0,2.0,1.0,1.0,1.0,2.0,2.0,0.0,2.0,1.0,0.0,0.0,1.0,0.0,2.0,0.0,0.0,0.0,1.0,1.0,1.0,0.0,0.0,0.0,1.0,2.0,2.0,1.0,0.0,0.0,2.0,0.0,1.0,0.0,2.0,2.0,2.0,1.0,0.0,0.0,0.0,0.0,2.0,0.0,0.0,2.0,0.0,2.0,0.0,1.0,1.0,1.0,1.0,1.0,1.0,1.0,1.0,0.0,1.0,0.0,2.0,1.0,2.0,0.0,2.0,0.0,0.0,1.0,1.0,1.0,2.0,0.0,2.0,2.0,1.0,1.0,1.0,1.0,0.0,2.0,1.0,1.0,1.0,2.0,1.0,1.0,0.0
22,0.0,0.0,2.0,1.0,0.0,1.0,2.0,0.0,1.0,2.0,0.0,0.0,2.0,1.0,2.0,0.0,1.0,0.0,2.0,1.0,2.0,2.0,2.0,2.0,0.0,0.0,2.0,2.0,2.0,0.0,0.0,0.0,1.0,1.0,1.0,0.0,0.0,2.0,2.0,2.0,0.0,1.0,2.0,0.0,2.0,1.0,1.0,0.0,0.0,1.0,1.0,1.0,2.0,0.0,0.0,1.0,0.0,0.0,1.0,1.0,1.0,2.0,1.0,2.0,1.0,2.0,1.0,1.0,0.0,0.0,1.0,1.0,1.0,0.0,2.0,2.0,1.0,0.0,2.0,1.0,1.0,1.0,2.0,2.0,0.0,2.0,1.0,0.0,0.0,1.0,0.0,2.0,0.0,0.0,0.0,1.0,0.0,2.0,0.0,0.0,0.0,2.0,2.0,2.0,0.0,0.0,0.0,0.0,2.0,0.0,2.0,0.0,0.0,0.0,0.0,2.0,2.0,1.0,0.0,1.0,0.0,0.0,2.0,0.0,2.0,1.0,2.0,0.0,0.0,2.0,1.0,1.0,2.0,2.0,1.0,2.0,1.0,1.0,2.0,1.0,1.0,2.0,1.0,1.0,2.0,0.0,0.0,2.0,1.0,1.0,2.0,1.0,0.0,2.0,0.0,0.0,2.0,0.0,1.0,1.0,2.0,1.0,2.0,0.0
23,1.0,0.0,1.0,1.0,0.0,2.0,1.0,1.0,1.0,1.0,0.0,0.0,2.0,0.0,2.0,0.0,1.0,0.0,1.0,2.0,2.0,2.0,2.0,2.0,0.0,0.0,1.0,1.0,1.0,0.0,1.0,1.0,0.0,0.0,1.0,0.0,0.0,2.0,1.0,2.0,1.0,1.0,2.0,0.0,2.0,1.0,1.0,0.0,0.0,1.0,1.0,2.0,1.0,1.0,1.0,1.0,0.0,0.0,1.0,1.0,1.0,2.0,1.0,2.0,0.0,2.0,1.0,1.0,0.0,0.0,2.0,2.0,2.0,0.0,2.0,2.0,1.0,0.0,2.0,1.0,0.0,0.0,2.0,1.0,1.0,1.0,2.0,0.0,1.0,2.0,0.0,2.0,0.0,0.0,1.0,1.0,0.0,1.0,0.0,0.0,0.0,1.0,2.0,2.0,0.0,1.0,1.0,1.0,1.0,1.0,1.0,1.0,1.0,1.0,0.0,1.0,1.0,0.0,0.0,2.0,1.0,1.0,1.0,0.0,2.0,0.0,2.0,0.0,0.0,2.0,2.0,0.0,2.0,1.0,1.0,1.0,1.0,1.0,1.0,1.0,0.0,1.0,2.0,2.0,2.0,1.0,1.0,2.0,0.0,2.0,1.0,1.0,1.0,0.0,2.0,1.0,1.0,1.0,1.0,2.0,1.0,1.0,0.0,0.0
24,1.0,1.0,2.0,2.0,0.0,2.0,2.0,0.0,1.0,2.0,0.0,0.0,2.0,0.0,2.0,0.0,2.0,0.0,2.0,2.0,2.0,2.0,2.0,2.0,0.0,0.0,2.0,2.0,2.0,1.0,0.0,1.0,0.0,0.0,1.0,1.0,0.0,2.0,1.0,1.0,0.0,1.0,1.0,1.0,1.0,1.0,1.0,0.0,1.0,0.0,0.0,0.0,2.0,0.0,0.0,1.0,1.0,0.0,1.0,1.0,2.0,1.0,2.0,2.0,1.0,2.0,0.0,0.0,0.0,0.0,1.0,1.0,1.0,2.0,2.0,0.0,2.0,0.0,2.0,2.0,1.0,1.0,1.0,2.0,0.0,2.0,1.0,0.0,0.0,0.0,0.0,2.0,0.0,0.0,1.0,0.0,0.0,1.0,0.0,0.0,0.0,1.0,2.0,2.0,1.0,1.0,1.0,2.0,0.0,2.0,0.0,2.0,2.0,2.0,0.0,0.0,0.0,0.0,0.0,2.0,1.0,1.0,1.0,0.0,2.0,0.0,1.0,1.0,1.0,1.0,1.0,1.0,1.0,1.0,1.0,1.0,0.0,1.0,0.0,2.0,0.0,2.0,1.0,1.0,2.0,0.0,1.0,1.0,1.0,1.0,2.0,1.0,0.0,2.0,0.0,0.0,2.0,1.0,1.0,1.0,2.0,1.0,1.0,0.0
25,0.0,1.0,2.0,1.0,1.0,2.0,2.0,0.0,2.0,2.0,0.0,0.0,2.0,0.0,2.0,0.0,1.0,0.0,1.0,2.0,2.0,2.0,2.0,2.0,0.0,1.0,1.0,1.0,2.0,1.0,1.0,0.0,0.0,0.0,2.0,1.0,0.0,2.0,1.0,1.0,0.0,1.0,2.0,0.0,2.0,1.0,1.0,1.0,1.0,1.0,1.0,1.0,1.0,0.0,0.0,0.0,0.0,0.0,2.0,0.0,2.0,2.0,2.0,2.0,2.0,2.0,0.0,0.0,0.0,0.0,0.0,0.0,0.0,1.0,1.0,0.0,1.0,0.0,2.0,1.0,0.0,0.0,1.0,1.0,0.0,2.0,1.0,0.0,0.0,1.0,0.0,2.0,1.0,0.0,1.0,1.0,0.0,2.0,0.0,0.0,0.0,2.0,2.0,1.0,2.0,0.0,0.0,2.0,0.0,1.0,0.0,2.0,2.0,2.0,1.0,0.0,0.0,0.0,0.0,2.0,0.0,0.0,2.0,0.0,2.0,0.0,0.0,1.0,2.0,0.0,1.0,1.0,1.0,1.0,1.0,1.0,1.0,1.0,1.0,1.0,0.0,1.0,1.0,1.0,2.0,1.0,1.0,2.0,0.0,2.0,1.0,2.0,0.0,1.0,1.0,1.0,1.0,0.0,1.0,1.0,2.0,1.0,1.0,1.0
26,0.0,0.0,2.0,1.0,0.0,1.0,2.0,0.0,1.0,2.0,1.0,1.0,1.0,1.0,2.0,0.0,1.0,0.0,1.0,2.0,2.0,2.0,2.0,2.0,2.0,0.0,2.0,1.0,1.0,0.0,1.0,0.0,0.0,1.0,2.0,1.0,0.0,2.0,1.0,1.0,0.0,2.0,2.0,0.0,2.0,2.0,2.0,1.0,1.0,0.0,0.0,0.0,1.0,1.0,0.0,1.0,0.0,0.0,1.0,0.0,1.0,1.0,1.0,2.0,1.0,2.0,1.0,1.0,0.0,0.0,1.0,1.0,1.0,0.0,1.0,1.0,0.0,0.0,2.0,0.0,0.0,0.0,1.0,1.0,0.0,2.0,2.0,0.0,0.0,2.0,0.0,2.0,1.0,0.0,1.0,1.0,0.0,2.0,0.0,0.0,0.0,2.0,2.0,1.0,2.0,0.0,0.0,2.0,0.0,1.0,0.0,2.0,2.0,2.0,1.0,0.0,0.0,0.0,0.0,2.0,0.0,0.0,2.0,1.0,1.0,0.0,0.0,1.0,2.0,1.0,0.0,2.0,1.0,0.0,0.0,0.0,0.0,2.0,0.0,2.0,1.0,2.0,1.0,1.0,2.0,1.0,1.0,2.0,0.0,2.0,1.0,2.0,0.0,2.0,0.0,0.0,2.0,1.0,0.0,1.0,1.0,0.0,2.0,0.0
27,1.0,0.0,1.0,1.0,0.0,2.0,1.0,1.0,1.0,2.0,0.0,0.0,2.0,0.0,2.0,0.0,2.0,0.0,2.0,2.0,2.0,2.0,2.0,2.0,1.0,0.0,2.0,2.0,2.0,0.0,1.0,0.0,0.0,0.0,1.0,1.0,0.0,2.0,2.0,2.0,0.0,1.0,2.0,0.0,2.0,1.0,1.0,0.0,1.0,0.0,1.0,1.0,2.0,1.0,1.0,1.0,0.0,0.0,1.0,0.0,1.0,0.0,2.0,2.0,2.0,1.0,0.0,1.0,1.0,1.0,1.0,1.0,1.0,2.0,2.0,0.0,2.0,0.0,2.0,2.0,1.0,1.0,2.0,2.0,0.0,2.0,0.0,0.0,0.0,0.0,0.0,2.0,0.0,0.0,0.0,1.0,0.0,0.0,0.0,0.0,0.0,0.0,2.0,2.0,0.0,1.0,2.0,2.0,0.0,2.0,0.0,2.0,2.0,2.0,0.0,0.0,0.0,0.0,0.0,2.0,0.0,0.0,1.0,1.0,2.0,1.0,1.0,0.0,1.0,2.0,1.0,1.0,2.0,1.0,1.0,1.0,1.0,1.0,1.0,1.0,1.0,1.0,2.0,2.0,2.0,2.0,2.0,2.0,0.0,2.0,0.0,1.0,0.0,0.0,2.0,2.0,0.0,0.0,1.0,1.0,2.0,1.0,1.0,1.0
28,1.0,0.0,1.0,1.0,0.0,2.0,1.0,1.0,1.0,2.0,0.0,0.0,1.0,1.0,1.0,0.0,1.0,0.0,1.0,1.0,2.0,2.0,2.0,2.0,0.0,0.0,2.0,2.0,2.0,0.0,1.0,0.0,0.0,0.0,1.0,1.0,0.0,2.0,2.0,2.0,0.0,1.0,2.0,0.0,2.0,1.0,1.0,0.0,1.0,0.0,1.0,1.0,2.0,1.0,1.0,1.0,0.0,0.0,1.0,0.0,1.0,0.0,2.0,2.0,1.0,1.0,0.0,1.0,1.0,1.0,2.0,2.0,2.0,1.0,2.0,1.0,2.0,0.0,2.0,2.0,0.0,0.0,2.0,1.0,0.0,2.0,1.0,0.0,1.0,1.0,1.0,1.0,1.0,0.0,0.0,1.0,0.0,0.0,0.0,0.0,0.0,0.0,2.0,2.0,0.0,1.0,2.0,2.0,0.0,2.0,0.0,2.0,2.0,2.0,0.0,0.0,0.0,0.0,0.0,2.0,0.0,0.0,1.0,1.0,2.0,1.0,1.0,0.0,1.0,2.0,1.0,1.0,2.0,1.0,0.0,1.0,0.0,2.0,1.0,2.0,2.0,2.0,2.0,2.0,1.0,1.0,2.0,1.0,1.0,1.0,1.0,1.0,1.0,0.0,2.0,1.0,1.0,1.0,2.0,2.0,2.0,2.0,1.0,1.0
29,0.0,0.0,2.0,2.0,0.0,2.0,2.0,0.0,2.0,2.0,0.0,0.0,1.0,1.0,1.0,0.0,1.0,0.0,1.0,1.0,2.0,2.0,2.0,2.0,1.0,0.0,2.0,2.0,2.0,0.0,1.0,1.0,0.0,0.0,1.0,0.0,1.0,2.0,2.0,2.0,0.0,1.0,2.0,0.0,2.0,2.0,2.0,0.0,1.0,0.0,1.0,1.0,2.0,2.0,1.0,2.0,0.0,0.0,0.0,0.0,0.0,1.0,2.0,2.0,2.0,1.0,0.0,1.0,1.0,2.0,2.0,2.0,2.0,1.0,1.0,0.0,1.0,0.0,2.0,2.0,0.0,1.0,2.0,1.0,1.0,1.0,1.0,0.0,1.0,1.0,1.0,2.0,0.0,1.0,1.0,1.0,0.0,0.0,0.0,0.0,0.0,0.0,2.0,2.0,1.0,0.0,2.0,2.0,0.0,1.0,1.0,1.0,1.0,1.0,0.0,1.0,1.0,1.0,0.0,2.0,0.0,0.0,2.0,0.0,2.0,1.0,1.0,0.0,1.0,1.0,1.0,1.0,1.0,1.0,1.0,1.0,1.0,1.0,1.0,1.0,0.0,1.0,1.0,1.0,1.0,2.0,2.0,2.0,0.0,2.0,1.0,0.0,0.0,1.0,1.0,1.0,1.0,0.0,2.0,2.0,2.0,1.0,1.0,0.0
30,1.0,0.0,1.0,2.0,1.0,1.0,2.0,0.0,1.0,1.0,1.0,1.0,1.0,1.0,2.0,0.0,1.0,0.0,1.0,2.0,1.0,1.0,1.0,1.0,1.0,0.0,2.0,2.0,1.0,0.0,1.0,0.0,0.0,0.0,2.0,0.0,0.0,2.0,2.0,2.0,0.0,0.0,2.0,0.0,2.0,1.0,2.0,0.0,1.0,0.0,1.0,1.0,2.0,2.0,1.0,2.0,0.0,0.0,0.0,0.0,1.0,1.0,2.0,2.0,2.0,1.0,0.0,1.0,1.0,2.0,2.0,2.0,2.0,1.0,1.0,0.0,1.0,0.0,2.0,2.0,0.0,1.0,2.0,1.0,1.0,1.0,1.0,0.0,1.0,1.0,1.0,2.0,0.0,1.0,1.0,1.0,0.0,0.0,0.0,0.0,0.0,0.0,2.0,2.0,1.0,0.0,2.0,2.0,0.0,1.0,1.0,1.0,1.0,1.0,0.0,1.0,1.0,1.0,0.0,2.0,0.0,0.0,2.0,0.0,2.0,1.0,1.0,0.0,1.0,2.0,1.0,0.0,2.0,2.0,2.0,2.0,1.0,0.0,1.0,1.0,0.0,1.0,2.0,2.0,2.0,1.0,2.0,1.0,1.0,1.0,1.0,0.0,0.0,1.0,1.0,1.0,1.0,0.0,2.0,2.0,2.0,1.0,1.0,0.0
31,1.0,0.0,2.0,2.0,1.0,2.0,1.0,1.0,1.0,2.0,0.0,0.0,2.0,1.0,2.0,0.0,1.0,0.0,1.0,1.0,2.0,2.0,2.0,2.0,0.0,1.0,0.0,0.0,1.0,1.0,0.0,0.0,1.0,1.0,1.0,1.0,0.0,2.0,1.0,1.0,0.0,2.0,1.0,1.0,1.0,1.0,1.0,0.0,1.0,0.0,0.0,0.0,2.0,1.0,0.0,2.0,0.0,0.0,0.0,0.0,1.0,1.0,2.0,2.0,2.0,2.0,0.0,0.0,0.0,0.0,1.0,1.0,1.0,1.0,2.0,1.0,1.0,0.0,1.0,2.0,0.0,0.0,1.0,1.0,1.0,1.0,2.0,2.0,0.0,0.0,0.0,2.0,2.0,1.0,1.0,2.0,1.0,1.0,0.0,0.0,0.0,1.0,2.0,2.0,0.0,0.0,1.0,1.0,1.0,0.0,2.0,0.0,0.0,0.0,0.0,2.0,2.0,1.0,1.0,1.0,0.0,0.0,2.0,0.0,2.0,1.0,2.0,0.0,0.0,2.0,1.0,0.0,1.0,1.0,1.0,2.0,1.0,1.0,2.0,1.0,1.0,1.0,2.0,2.0,1.0,1.0,2.0,1.0,1.0,1.0,2.0,2.0,2.0,0.0,2.0,0.0,2.0,2.0,0.0,2.0,0.0,0.0,2.0,0.0
32,2.0,0.0,1.0,1.0,1.0,2.0,0.0,2.0,0.0,2.0,0.0,0.0,2.0,0.0,2.0,0.0,1.0,0.0,1.0,2.0,2.0,2.0,2.0,2.0,0.0,1.0,0.0,0.0,1.0,0.0,1.0,2.0,0.0,0.0,0.0,0.0,1.0,2.0,1.0,1.0,0.0,1.0,1.0,1.0,2.0,2.0,1.0,1.0,0.0,1.0,2.0,2.0,2.0,1.0,0.0,1.0,0.0,0.0,1.0,0.0,2.0,1.0,1.0,2.0,2.0,2.0,0.0,0.0,0.0,0.0,0.0,0.0,0.0,0.0,1.0,1.0,1.0,1.0,1.0,2.0,1.0,1.0,1.0,2.0,1.0,1.0,2.0,1.0,0.0,0.0,0.0,2.0,1.0,0.0,1.0,1.0,1.0,1.0,1.0,1.0,1.0,0.0,2.0,2.0,0.0,1.0,2.0,2.0,0.0,1.0,1.0,1.0,1.0,1.0,0.0,1.0,1.0,1.0,1.0,1.0,1.0,1.0,1.0,0.0,2.0,1.0,2.0,0.0,0.0,2.0,2.0,0.0,2.0,2.0,1.0,1.0,1.0,1.0,1.0,1.0,0.0,1.0,1.0,1.0,1.0,2.0,2.0,2.0,0.0,2.0,2.0,0.0,1.0,1.0,1.0,0.0,2.0,1.0,1.0,2.0,1.0,0.0,2.0,0.0
33,2.0,0.0,1.0,1.0,1.0,2.0,0.0,2.0,0.0,2.0,0.0,0.0,2.0,1.0,2.0,0.0,1.0,0.0,1.0,1.0,2.0,2.0,2.0,2.0,0.0,1.0,1.0,1.0,2.0,1.0,0.0,1.0,0.0,0.0,0.0,0.0,0.0,1.0,1.0,2.0,1.0,2.0,2.0,0.0,1.0,1.0,1.0,0.0,2.0,0.0,2.0,2.0,2.0,1.0,0.0,1.0,0.0,0.0,1.0,0.0,2.0,2.0,0.0,2.0,2.0,2.0,0.0,0.0,0.0,1.0,1.0,1.0,1.0,1.0,1.0,0.0,2.0,1.0,2.0,2.0,2.0,2.0,0.0,2.0,0.0,2.0,2.0,0.0,0.0,0.0,0.0,2.0,0.0,0.0,2.0,0.0,1.0,1.0,1.0,1.0,1.0,0.0,2.0,2.0,1.0,0.0,1.0,1.0,1.0,0.0,2.0,0.0,0.0,0.0,0.0,2.0,2.0,1.0,1.0,1.0,0.0,0.0,2.0,0.0,2.0,2.0,2.0,0.0,0.0,2.0,1.0,1.0,2.0,1.0,1.0,1.0,1.0,1.0,1.0,1.0,0.0,1.0,2.0,2.0,1.0,1.0,1.0,2.0,0.0,2.0,2.0,1.0,2.0,0.0,2.0,0.0,2.0,2.0,0.0,2.0,0.0,0.0,2.0,1.0
34,2.0,0.0,1.0,1.0,1.0,2.0,0.0,2.0,0.0,2.0,0.0,0.0,2.0,1.0,2.0,0.0,1.0,0.0,1.0,1.0,2.0,2.0,2.0,2.0,0.0,1.0,1.0,1.0,2.0,1.0,0.0,2.0,0.0,0.0,0.0,0.0,0.0,2.0,2.0,2.0,0.0,1.0,1.0,1.0,1.0,1.0,1.0,1.0,1.0,0.0,1.0,1.0,2.0,1.0,0.0,2.0,1.0,0.0,0.0,1.0,2.0,1.0,0.0,2.0,2.0,2.0,0.0,0.0,0.0,1.0,1.0,1.0,1.0,1.0,1.0,0.0,2.0,1.0,2.0,2.0,2.0,2.0,0.0,2.0,0.0,2.0,2.0,0.0,0.0,0.0,0.0,2.0,0.0,0.0,2.0,0.0,1.0,1.0,1.0,1.0,1.0,0.0,2.0,2.0,1.0,0.0,1.0,1.0,1.0,0.0,2.0,0.0,0.0,0.0,0.0,2.0,2.0,1.0,1.0,1.0,0.0,0.0,2.0,0.0,2.0,2.0,2.0,0.0,0.0,2.0,1.0,0.0,1.0,1.0,2.0,2.0,2.0,0.0,2.0,0.0,0.0,0.0,2.0,2.0,1.0,2.0,2.0,2.0,0.0,2.0,1.0,2.0,1.0,0.0,2.0,1.0,1.0,1.0,1.0,2.0,1.0,1.0,1.0,0.0
35,1.0,0.0,1.0,1.0,0.0,1.0,2.0,0.0,1.0,2.0,0.0,0.0,2.0,0.0,2.0,0.0,2.0,0.0,2.0,1.0,1.0,1.0,1.0,1.0,0.0,0.0,2.0,2.0,2.0,0.0,1.0,0.0,0.0,0.0,1.0,1.0,0.0,2.0,1.0,1.0,0.0,0.0,1.0,1.0,1.0,0.0,0.0,0.0,1.0,1.0,1.0,1.0,2.0,0.0,0.0,1.0,0.0,0.0,1.0,0.0,1.0,2.0,2.0,2.0,1.0,2.0,0.0,0.0,0.0,0.0,1.0,1.0,1.0,0.0,2.0,2.0,2.0,0.0,2.0,2.0,1.0,1.0,2.0,1.0,0.0,2.0,1.0,0.0,1.0,1.0,1.0,1.0,1.0,0.0,0.0,2.0,0.0,2.0,0.0,0.0,0.0,2.0,2.0,2.0,0.0,0.0,0.0,0.0,2.0,0.0,2.0,0.0,0.0,0.0,0.0,2.0,2.0,1.0,0.0,1.0,0.0,0.0,2.0,0.0,2.0,2.0,2.0,0.0,0.0,2.0,2.0,0.0,2.0,2.0,2.0,2.0,2.0,0.0,2.0,0.0,0.0,1.0,1.0,1.0,2.0,1.0,1.0,2.0,1.0,1.0,2.0,1.0,0.0,2.0,0.0,0.0,2.0,0.0,1.0,1.0,2.0,0.0,2.0,0.0
36,1.0,0.0,1.0,0.0,0.0,0.0,2.0,0.0,0.0,2.0,0.0,0.0,2.0,0.0,2.0,0.0,2.0,0.0,2.0,1.0,1.0,1.0,1.0,1.0,0.0,0.0,2.0,2.0,2.0,0.0,1.0,0.0,0.0,0.0,1.0,1.0,0.0,2.0,1.0,1.0,0.0,1.0,2.0,0.0,1.0,0.0,0.0,0.0,1.0,1.0,2.0,2.0,2.0,1.0,1.0,1.0,0.0,1.0,2.0,0.0,1.0,1.0,1.0,2.0,0.0,2.0,1.0,1.0,0.0,0.0,2.0,2.0,2.0,0.0,2.0,2.0,1.0,0.0,2.0,1.0,0.0,0.0,2.0,1.0,0.0,2.0,2.0,0.0,1.0,2.0,1.0,1.0,1.0,0.0,0.0,1.0,0.0,2.0,0.0,0.0,0.0,2.0,2.0,2.0,0.0,0.0,0.0,1.0,1.0,0.0,1.0,1.0,1.0,1.0,1.0,1.0,1.0,0.0,0.0,2.0,0.0,0.0,2.0,0.0,2.0,0.0,1.0,0.0,1.0,1.0,0.0,2.0,2.0,2.0,0.0,2.0,0.0,2.0,2.0,2.0,2.0,2.0,2.0,2.0,2.0,0.0,0.0,2.0,2.0,0.0,2.0,0.0,0.0,2.0,0.0,0.0,2.0,0.0,2.0,2.0,2.0,2.0,2.0,0.0
37,2.0,0.0,0.0,0.0,0.0,0.0,2.0,0.0,0.0,2.0,0.0,0.0,2.0,0.0,2.0,0.0,2.0,0.0,2.0,0.0,0.0,0.0,0.0,0.0,0.0,0.0,2.0,2.0,2.0,0.0,2.0,0.0,0.0,1.0,1.0,1.0,0.0,2.0,1.0,1.0,0.0,1.0,1.0,1.0,1.0,1.0,1.0,0.0,1.0,0.0,0.0,0.0,2.0,2.0,2.0,2.0,0.0,2.0,2.0,0.0,1.0,0.0,1.0,2.0,1.0,2.0,0.0,0.0,0.0,1.0,1.0,1.0,1.0,1.0,1.0,2.0,1.0,0.0,2.0,2.0,0.0,0.0,2.0,1.0,0.0,2.0,0.0,0.0,0.0,0.0,0.0,2.0,0.0,0.0,0.0,1.0,0.0,1.0,0.0,0.0,0.0,1.0,2.0,2.0,1.0,0.0,1.0,2.0,0.0,0.0,1.0,1.0,1.0,1.0,1.0,1.0,1.0,1.0,0.0,2.0,0.0,0.0,2.0,0.0,2.0,0.0,1.0,0.0,1.0,1.0,1.0,1.0,2.0,2.0,2.0,2.0,1.0,0.0,1.0,1.0,0.0,1.0,2.0,2.0,2.0,1.0,2.0,1.0,2.0,0.0,2.0,0.0,0.0,2.0,0.0,0.0,2.0,0.0,2.0,1.0,2.0,0.0,2.0,0.0
38,1.0,0.0,1.0,1.0,0.0,2.0,1.0,1.0,1.0,2.0,1.0,1.0,2.0,1.0,1.0,1.0,1.0,1.0,2.0,0.0,2.0,2.0,2.0,2.0,0.0,0.0,2.0,2.0,2.0,2.0,2.0,0.0,0.0,1.0,1.0,1.0,0.0,2.0,1.0,1.0,0.0,2.0,2.0,0.0,1.0,1.0,1.0,0.0,1.0,0.0,1.0,1.0,2.0,2.0,2.0,2.0,0.0,2.0,2.0,0.0,1.0,0.0,0.0,2.0,2.0,2.0,0.0,0.0,0.0,2.0,0.0,0.0,0.0,2.0,0.0,2.0,0.0,0.0,2.0,2.0,0.0,0.0,2.0,2.0,0.0,2.0,0.0,0.0,0.0,0.0,0.0,2.0,0.0,0.0,0.0,1.0,0.0,2.0,0.0,0.0,0.0,2.0,2.0,2.0,0.0,0.0,0.0,1.0,1.0,0.0,1.0,1.0,1.0,1.0,1.0,1.0,1.0,1.0,0.0,1.0,0.0,0.0,2.0,0.0,2.0,1.0,1.0,0.0,1.0,1.0,1.0,1.0,2.0,2.0,2.0,2.0,1.0,0.0,1.0,1.0,0.0,1.0,2.0,2.0,2.0,1.0,2.0,1.0,2.0,0.0,2.0,0.0,0.0,2.0,0.0,0.0,2.0,0.0,2.0,1.0,2.0,1.0,2.0,0.0
39,1.0,0.0,1.0,1.0,0.0,2.0,1.0,1.0,1.0,2.0,0.0,0.0,1.0,1.0,1.0,0.0,1.0,0.0,1.0,0.0,2.0,2.0,2.0,2.0,0.0,0.0,2.0,2.0,2.0,1.0,1.0,0.0,0.0,0.0,1.0,1.0,0.0,2.0,1.0,1.0,0.0,1.0,2.0,0.0,1.0,1.0,1.0,0.0,1.0,0.0,1.0,1.0,2.0,2.0,2.0,2.0,0.0,1.0,1.0,0.0,0.0,0.0,1.0,2.0,2.0,2.0,0.0,0.0,0.0,2.0,1.0,1.0,1.0,1.0,0.0,1.0,1.0,0.0,2.0,2.0,0.0,0.0,2.0,0.0,1.0,1.0,2.0,0.0,2.0,2.0,2.0,1.0,1.0,1.0,1.0,2.0,0.0,1.0,0.0,0.0,0.0,1.0,2.0,2.0,1.0,0.0,1.0,2.0,0.0,1.0,0.0,2.0,2.0,2.0,1.0,0.0,0.0,0.0,0.0,2.0,0.0,0.0,2.0,0.0,2.0,1.0,1.0,0.0,1.0,1.0,1.0,1.0,1.0,1.0,1.0,1.0,1.0,1.0,1.0,1.0,0.0,1.0,1.0,1.0,1.0,2.0,2.0,2.0,1.0,1.0,2.0,0.0,0.0,2.0,0.0,0.0,2.0,0.0,2.0,2.0,2.0,0.0,2.0,0.0
40,1.0,0.0,1.0,1.0,0.0,1.0,2.0,0.0,1.0,2.0,0.0,0.0,1.0,1.0,1.0,0.0,1.0,0.0,1.0,0.0,1.0,1.0,1.0,1.0,0.0,0.0,2.0,2.0,2.0,0.0,1.0,0.0,0.0,0.0,1.0,1.0,0.0,2.0,1.0,1.0,0.0,0.0,1.0,1.0,1.0,1.0,1.0,0.0,1.0,0.0,0.0,0.0,2.0,1.0,1.0,2.0,0.0,0.0,0.0,0.0,1.0,1.0,2.0,2.0,1.0,2.0,0.0,0.0,0.0,1.0,2.0,2.0,2.0,0.0,1.0,1.0,1.0,0.0,2.0,2.0,0.0,1.0,2.0,0.0,1.0,1.0,2.0,0.0,2.0,2.0,2.0,1.0,1.0,1.0,1.0,2.0,0.0,1.0,0.0,0.0,0.0,1.0,2.0,2.0,1.0,0.0,1.0,1.0,1.0,0.0,2.0,0.0,0.0,0.0,0.0,2.0,2.0,2.0,0.0,1.0,0.0,0.0,2.0,0.0,2.0,1.0,1.0,0.0,1.0,1.0,1.0,1.0,2.0,2.0,1.0,2.0,1.0,1.0,2.0,1.0,1.0,1.0,2.0,2.0,2.0,1.0,1.0,2.0,1.0,1.0,1.0,0.0,0.0,1.0,1.0,1.0,1.0,0.0,2.0,2.0,2.0,2.0,1.0,0.0
41,0.0,0.0,2.0,2.0,0.0,2.0,2.0,0.0,2.0,2.0,0.0,0.0,2.0,0.0,2.0,1.0,1.0,1.0,2.0,1.0,1.0,0.0,0.0,0.0,0.0,0.0,2.0,2.0,1.0,0.0,1.0,0.0,0.0,0.0,1.0,1.0,0.0,2.0,1.0,1.0,0.0,0.0,1.0,1.0,1.0,1.0,1.0,0.0,1.0,0.0,0.0,0.0,2.0,1.0,1.0,2.0,0.0,0.0,0.0,0.0,2.0,1.0,1.0,1.0,1.0,1.0,1.0,2.0,1.0,2.0,2.0,2.0,2.0,2.0,2.0,0.0,2.0,0.0,2.0,2.0,0.0,0.0,2.0,2.0,1.0,1.0,1.0,1.0,0.0,0.0,0.0,2.0,0.0,0.0,0.0,1.0,0.0,1.0,0.0,0.0,0.0,1.0,2.0,2.0,1.0,0.0,2.0,2.0,0.0,1.0,1.0,1.0,0.0,0.0,0.0,2.0,2.0,1.0,0.0,2.0,0.0,0.0,2.0,0.0,2.0,0.0,1.0,0.0,1.0,2.0,2.0,0.0,2.0,2.0,2.0,2.0,1.0,0.0,1.0,1.0,0.0,1.0,2.0,2.0,2.0,1.0,2.0,1.0,1.0,1.0,1.0,0.0,0.0,1.0,1.0,1.0,1.0,0.0,2.0,2.0,2.0,2.0,0.0,0.0
42,1.0,0.0,1.0,2.0,1.0,1.0,2.0,0.0,1.0,1.0,1.0,1.0,1.0,1.0,2.0,1.0,0.0,1.0,1.0,1.0,0.0,0.0,0.0,0.0,0.0,0.0,2.0,2.0,1.0,0.0,1.0,0.0,0.0,0.0,2.0,1.0,0.0,2.0,1.0,2.0,0.0,0.0,2.0,0.0,2.0,1.0,2.0,1.0,2.0,0.0,1.0,1.0,1.0,1.0,0.0,1.0,0.0,0.0,1.0,0.0,1.0,1.0,1.0,1.0,1.0,1.0,1.0,2.0,1.0,2.0,2.0,2.0,2.0,2.0,2.0,0.0,2.0,0.0,2.0,2.0,0.0,0.0,2.0,2.0,1.0,1.0,1.0,1.0,0.0,0.0,0.0,2.0,0.0,0.0,0.0,1.0,0.0,1.0,0.0,0.0,0.0,1.0,2.0,2.0,1.0,0.0,2.0,2.0,0.0,0.0,2.0,0.0,0.0,0.0,0.0,2.0,2.0,2.0,1.0,1.0,0.0,0.0,2.0,0.0,2.0,1.0,1.0,0.0,1.0,2.0,1.0,0.0,2.0,2.0,2.0,2.0,0.0,0.0,0.0,2.0,0.0,2.0,2.0,2.0,2.0,0.0,2.0,0.0,2.0,0.0,2.0,0.0,0.0,2.0,0.0,0.0,2.0,0.0,2.0,2.0,2.0,1.0,1.0,0.0
43,2.0,0.0,0.0,0.0,0.0,0.0,2.0,0.0,0.0,2.0,0.0,0.0,2.0,1.0,2.0,0.0,1.0,0.0,2.0,0.0,1.0,1.0,1.0,1.0,0.0,0.0,2.0,2.0,2.0,0.0,0.0,0.0,0.0,0.0,1.0,1.0,0.0,1.0,0.0,2.0,0.0,0.0,2.0,0.0,2.0,2.0,1.0,1.0,2.0,0.0,0.0,0.0,1.0,0.0,1.0,2.0,0.0,0.0,0.0,0.0,2.0,1.0,0.0,2.0,2.0,2.0,0.0,0.0,0.0,2.0,0.0,0.0,0.0,2.0,0.0,2.0,0.0,0.0,2.0,2.0,0.0,0.0,2.0,2.0,0.0,2.0,0.0,0.0,0.0,0.0,0.0,2.0,0.0,0.0,0.0,0.0,0.0,2.0,0.0,0.0,0.0,2.0,2.0,2.0,0.0,0.0,2.0,2.0,0.0,1.0,1.0,1.0,0.0,0.0,0.0,2.0,2.0,1.0,1.0,1.0,0.0,0.0,2.0,0.0,2.0,1.0,2.0,0.0,0.0,2.0,0.0,2.0,2.0,2.0,0.0,2.0,0.0,2.0,2.0,2.0,2.0,2.0,2.0,2.0,2.0,0.0,0.0,2.0,2.0,0.0,2.0,0.0,0.0,2.0,0.0,0.0,2.0,0.0,2.0,2.0,2.0,2.0,2.0,0.0
44,0.0,0.0,2.0,2.0,0.0,2.0,2.0,0.0,1.0,2.0,0.0,0.0,2.0,0.0,2.0,1.0,1.0,1.0,2.0,0.0,0.0,0.0,0.0,0.0,0.0,0.0,2.0,2.0,2.0,0.0,0.0,0.0,0.0,0.0,1.0,1.0,0.0,1.0,0.0,1.0,0.0,0.0,1.0,1.0,1.0,1.0,1.0,1.0,2.0,0.0,0.0,0.0,0.0,0.0,0.0,0.0,0.0,0.0,2.0,0.0,2.0,0.0,0.0,1.0,1.0,2.0,1.0,1.0,0.0,2.0,1.0,1.0,1.0,2.0,1.0,1.0,1.0,0.0,2.0,2.0,0.0,0.0,2.0,2.0,1.0,1.0,1.0,1.0,0.0,0.0,0.0,2.0,0.0,0.0,0.0,1.0,0.0,2.0,0.0,0.0,0.0,2.0,2.0,2.0,0.0,0.0,2.0,2.0,0.0,1.0,1.0,1.0,0.0,0.0,0.0,2.0,2.0,1.0,1.0,1.0,0.0,0.0,2.0,0.0,2.0,1.0,2.0,0.0,0.0,2.0,0.0,2.0,2.0,2.0,0.0,2.0,0.0,2.0,1.0,2.0,1.0,2.0,2.0,2.0,2.0,0.0,2.0,0.0,2.0,0.0,2.0,1.0,0.0,1.0,1.0,1.0,1.0,0.0,2.0,2.0,2.0,2.0,0.0,0.0
45,1.0,0.0,1.0,1.0,0.0,1.0,2.0,0.0,1.0,2.0,0.0,0.0,2.0,1.0,2.0,0.0,1.0,0.0,2.0,1.0,2.0,2.0,2.0,2.0,0.0,0.0,2.0,2.0,2.0,1.0,1.0,0.0,0.0,0.0,1.0,2.0,0.0,2.0,0.0,0.0,0.0,1.0,1.0,1.0,1.0,1.0,1.0,0.0,1.0,0.0,0.0,0.0,2.0,0.0,0.0,2.0,1.0,0.0,0.0,1.0,2.0,1.0,1.0,1.0,1.0,2.0,1.0,1.0,0.0,1.0,1.0,1.0,1.0,2.0,2.0,0.0,2.0,0.0,2.0,2.0,0.0,0.0,2.0,2.0,1.0,1.0,1.0,1.0,0.0,0.0,0.0,2.0,0.0,0.0,0.0,1.0,0.0,1.0,0.0,0.0,0.0,1.0,2.0,2.0,0.0,1.0,2.0,2.0,0.0,1.0,1.0,1.0,1.0,1.0,0.0,1.0,1.0,1.0,1.0,1.0,1.0,1.0,1.0,0.0,2.0,1.0,2.0,0.0,0.0,2.0,1.0,1.0,1.0,1.0,1.0,1.0,0.0,1.0,0.0,2.0,0.0,2.0,1.0,1.0,2.0,0.0,1.0,1.0,1.0,1.0,2.0,1.0,0.0,2.0,0.0,0.0,2.0,0.0,1.0,1.0,2.0,1.0,1.0,0.0
46,0.0,0.0,2.0,2.0,0.0,2.0,2.0,0.0,2.0,2.0,0.0,0.0,2.0,0.0,2.0,1.0,1.0,1.0,2.0,1.0,1.0,1.0,1.0,1.0,0.0,0.0,2.0,2.0,2.0,0.0,0.0,1.0,0.0,0.0,1.0,1.0,0.0,2.0,0.0,1.0,0.0,1.0,2.0,0.0,2.0,2.0,2.0,1.0,1.0,0.0,0.0,0.0,1.0,0.0,0.0,0.0,0.0,0.0,2.0,0.0,2.0,1.0,1.0,1.0,0.0,2.0,1.0,1.0,0.0,1.0,2.0,2.0,2.0,2.0,1.0,1.0,1.0,0.0,2.0,2.0,1.0,1.0,1.0,2.0,0.0,2.0,1.0,0.0,0.0,0.0,0.0,2.0,0.0,0.0,1.0,0.0,0.0,1.0,0.0,0.0,0.0,1.0,2.0,2.0,0.0,1.0,1.0,2.0,0.0,1.0,1.0,1.0,1.0,1.0,0.0,1.0,1.0,1.0,1.0,1.0,0.0,0.0,2.0,0.0,2.0,1.0,1.0,1.0,1.0,1.0,0.0,2.0,1.0,1.0,0.0,1.0,0.0,2.0,1.0,2.0,1.0,2.0,1.0,1.0,2.0,0.0,0.0,2.0,1.0,1.0,2.0,1.0,0.0,2.0,0.0,0.0,2.0,0.0,1.0,1.0,2.0,1.0,2.0,0.0
47,0.0,0.0,2.0,2.0,0.0,2.0,2.0,0.0,2.0,2.0,0.0,0.0,1.0,1.0,1.0,0.0,1.0,0.0,1.0,1.0,2.0,2.0,2.0,2.0,0.0,0.0,2.0,2.0,2.0,0.0,1.0,0.0,0.0,0.0,1.0,1.0,0.0,2.0,2.0,2.0,0.0,1.0,2.0,0.0,2.0,0.0,0.0,0.0,1.0,1.0,2.0,2.0,2.0,0.0,1.0,1.0,0.0,0.0,1.0,0.0,1.0,1.0,1.0,2.0,0.0,2.0,1.0,1.0,0.0,0.0,2.0,2.0,2.0,1.0,2.0,1.0,1.0,0.0,2.0,1.0,0.0,0.0,2.0,2.0,0.0,2.0,1.0,0.0,0.0,1.0,0.0,2.0,0.0,0.0,0.0,0.0,0.0,0.0,0.0,0.0,0.0,0.0,2.0,2.0,0.0,1.0,2.0,2.0,0.0,2.0,0.0,2.0,2.0,2.0,0.0,0.0,0.0,0.0,0.0,2.0,1.0,1.0,1.0,0.0,2.0,1.0,2.0,0.0,0.0,2.0,1.0,1.0,2.0,1.0,1.0,1.0,1.0,1.0,1.0,1.0,1.0,1.0,2.0,2.0,2.0,2.0,2.0,2.0,0.0,2.0,1.0,1.0,1.0,0.0,2.0,1.0,1.0,1.0,1.0,2.0,1.0,1.0,1.0,1.0
48,0.0,0.0,2.0,2.0,0.0,2.0,2.0,0.0,2.0,2.0,0.0,0.0,1.0,1.0,1.0,0.0,1.0,0.0,1.0,1.0,2.0,2.0,2.0,2.0,0.0,0.0,2.0,2.0,2.0,0.0,0.0,0.0,0.0,0.0,2.0,0.0,0.0,2.0,2.0,2.0,0.0,0.0,2.0,0.0,2.0,1.0,1.0,0.0,0.0,1.0,1.0,1.0,2.0,1.0,1.0,1.0,0.0,0.0,1.0,0.0,1.0,1.0,2.0,2.0,1.0,1.0,0.0,1.0,1.0,1.0,2.0,2.0,2.0,1.0,2.0,1.0,2.0,0.0,2.0,1.0,0.0,0.0,2.0,2.0,0.0,2.0,1.0,0.0,0.0,1.0,0.0,2.0,0.0,0.0,0.0,0.0,0.0,1.0,0.0,0.0,0.0,1.0,2.0,2.0,0.0,1.0,2.0,2.0,0.0,2.0,0.0,2.0,2.0,2.0,0.0,0.0,0.0,0.0,0.0,2.0,1.0,1.0,1.0,0.0,2.0,1.0,2.0,0.0,0.0,2.0,1.0,1.0,2.0,1.0,1.0,1.0,1.0,1.0,2.0,1.0,1.0,1.0,2.0,2.0,1.0,1.0,2.0,1.0,0.0,2.0,0.0,2.0,0.0,0.0,2.0,2.0,0.0,0.0,2.0,2.0,2.0,2.0,1.0,1.0
49,1.0,0.0,1.0,1.0,0.0,2.0,1.0,1.0,1.0,2.0,0.0,0.0,2.0,0.0,2.0,0.0,2.0,0.0,2.0,2.0,2.0,2.0,2.0,2.0,0.0,0.0,2.0,2.0,2.0,0.0,1.0,0.0,0.0,0.0,1.0,1.0,0.0,2.0,2.0,2.0,0.0,1.0,2.0,0.0,2.0,0.0,0.0,0.0,1.0,1.0,2.0,2.0,2.0,0.0,0.0,0.0,0.0,0.0,2.0,0.0,2.0,1.0,2.0,2.0,2.0,1.0,0.0,1.0,1.0,1.0,1.0,1.0,1.0,1.0,1.0,0.0,1.0,0.0,2.0,1.0,0.0,0.0,1.0,1.0,0.0,2.0,1.0,0.0,0.0,1.0,0.0,2.0,1.0,0.0,1.0,1.0,0.0,1.0,0.0,0.0,0.0,1.0,2.0,2.0,1.0,0.0,1.0,2.0,0.0,2.0,0.0,2.0,2.0,2.0,0.0,0.0,0.0,0.0,0.0,2.0,0.0,0.0,2.0,0.0,2.0,1.0,1.0,1.0,1.0,1.0,1.0,1.0,1.0,1.0,0.0,0.0,0.0,2.0,0.0,2.0,1.0,2.0,1.0,1.0,2.0,1.0,1.0,2.0,0.0,2.0,1.0,2.0,0.0,1.0,1.0,1.0,1.0,0.0,1.0,1.0,2.0,1.0,2.0,2.0
50,1.0,1.0,1.0,0.0,1.0,2.0,1.0,1.0,1.0,2.0,0.0,0.0,2.0,0.0,2.0,0.0,0.0,0.0,0.0,1.0,2.0,2.0,2.0,2.0,0.0,1.0,1.0,1.0,2.0,1.0,2.0,0.0,0.0,0.0,1.0,2.0,0.0,2.0,1.0,1.0,0.0,2.0,2.0,0.0,2.0,1.0,1.0,1.0,2.0,0.0,1.0,1.0,1.0,0.0,0.0,0.0,0.0,0.0,2.0,0.0,2.0,1.0,2.0,2.0,2.0,1.0,0.0,1.0,1.0,1.0,1.0,1.0,1.0,0.0,1.0,1.0,1.0,0.0,2.0,1.0,0.0,0.0,1.0,0.0,0.0,2.0,2.0,0.0,1.0,2.0,1.0,2.0,1.0,0.0,1.0,1.0,0.0,1.0,0.0,0.0,0.0,1.0,2.0,1.0,1.0,0.0,1.0,2.0,0.0,1.0,0.0,2.0,2.0,2.0,1.0,0.0,0.0,0.0,0.0,2.0,0.0,0.0,2.0,0.0,2.0,1.0,1.0,0.0,1.0,1.0,1.0,1.0,1.0,1.0,0.0,2.0,1.0,1.0,2.0,1.0,1.0,1.0,2.0,2.0,1.0,1.0,2.0,1.0,1.0,1.0,1.0,1.0,1.0,1.0,1.0,0.0,1.0,1.0,2.0,2.0,2.0,2.0,0.0,0.0
51,1.0,0.0,1.0,2.0,1.0,1.0,2.0,0.0,1.0,1.0,0.0,0.0,2.0,0.0,2.0,0.0,2.0,0.0,2.0,1.0,2.0,2.0,2.0,2.0,1.0,0.0,2.0,1.0,1.0,1.0,2.0,0.0,0.0,1.0,1.0,1.0,0.0,2.0,1.0,1.0,0.0,2.0,2.0,0.0,1.0,1.0,1.0,1.0,2.0,0.0,1.0,1.0,1.0,1.0,1.0,1.0,0.0,1.0,2.0,0.0,1.0,1.0,1.0,2.0,0.0,2.0,1.0,1.0,0.0,0.0,2.0,2.0,2.0,0.0,2.0,2.0,1.0,0.0,2.0,1.0,0.0,0.0,2.0,1.0,0.0,2.0,2.0,0.0,1.0,2.0,1.0,1.0,1.0,0.0,0.0,1.0,1.0,1.0,0.0,0.0,1.0,2.0,1.0,1.0,1.0,0.0,0.0,1.0,1.0,0.0,1.0,1.0,1.0,1.0,1.0,1.0,1.0,1.0,1.0,1.0,0.0,0.0,2.0,1.0,1.0,0.0,1.0,0.0,1.0,2.0,0.0,2.0,1.0,0.0,1.0,1.0,0.0,2.0,1.0,2.0,1.0,2.0,1.0,1.0,1.0,1.0,1.0,2.0,0.0,2.0,1.0,1.0,0.0,2.0,0.0,0.0,2.0,0.0,1.0,1.0,2.0,0.0,2.0,0.0
52,1.0,0.0,1.0,2.0,1.0,1.0,2.0,0.0,1.0,1.0,0.0,0.0,2.0,0.0,2.0,0.0,2.0,0.0,2.0,1.0,2.0,2.0,2.0,2.0,1.0,0.0,2.0,1.0,1.0,1.0,2.0,0.0,0.0,1.0,1.0,1.0,0.0,2.0,1.0,1.0,0.0,1.0,1.0,1.0,1.0,1.0,1.0,1.0,2.0,0.0,0.0,0.0,1.0,0.0,1.0,1.0,0.0,0.0,1.0,0.0,2.0,1.0,1.0,2.0,1.0,2.0,1.0,1.0,0.0,0.0,2.0,2.0,2.0,0.0,2.0,2.0,1.0,0.0,2.0,1.0,0.0,0.0,2.0,1.0,0.0,2.0,2.0,0.0,1.0,2.0,1.0,1.0,1.0,0.0,0.0,1.0,1.0,1.0,1.0,1.0,1.0,2.0,1.0,2.0,1.0,0.0,1.0,2.0,0.0,1.0,1.0,1.0,1.0,1.0,0.0,1.0,1.0,1.0,1.0,1.0,0.0,0.0,2.0,0.0,2.0,1.0,1.0,1.0,1.0,1.0,0.0,2.0,1.0,0.0,1.0,1.0,0.0,2.0,1.0,2.0,1.0,2.0,1.0,1.0,1.0,1.0,1.0,2.0,0.0,2.0,1.0,1.0,0.0,2.0,0.0,0.0,2.0,0.0,1.0,2.0,1.0,0.0,2.0,0.0
53,1.0,0.0,1.0,1.0,0.0,2.0,1.0,1.0,1.0,2.0,0.0,0.0,2.0,0.0,2.0,0.0,2.0,0.0,2.0,2.0,2.0,2.0,2.0,2.0,1.0,1.0,1.0,0.0,1.0,0.0,2.0,1.0,0.0,1.0,1.0,0.0,0.0,2.0,2.0,2.0,0.0,2.0,2.0,0.0,2.0,2.0,2.0,2.0,1.0,0.0,1.0,1.0,1.0,1.0,0.0,1.0,0.0,0.0,1.0,0.0,2.0,2.0,2.0,2.0,2.0,2.0,0.0,0.0,0.0,0.0,0.0,0.0,0.0,0.0,1.0,1.0,0.0,0.0,1.0,1.0,0.0,0.0,1.0,1.0,1.0,1.0,2.0,1.0,0.0,1.0,0.0,2.0,2.0,0.0,1.0,2.0,0.0,2.0,1.0,1.0,1.0,1.0,2.0,1.0,1.0,1.0,1.0,2.0,0.0,1.0,0.0,2.0,2.0,2.0,1.0,0.0,0.0,0.0,0.0,2.0,1.0,1.0,1.0,1.0,1.0,1.0,1.0,0.0,1.0,2.0,1.0,1.0,2.0,1.0,0.0,0.0,0.0,2.0,0.0,2.0,1.0,2.0,1.0,1.0,1.0,2.0,2.0,2.0,0.0,2.0,1.0,1.0,1.0,1.0,1.0,0.0,2.0,2.0,0.0,2.0,0.0,0.0,2.0,0.0
54,1.0,0.0,2.0,2.0,1.0,2.0,1.0,1.0,1.0,2.0,0.0,0.0,2.0,0.0,2.0,0.0,1.0,0.0,1.0,2.0,2.0,2.0,2.0,2.0,1.0,1.0,1.0,0.0,1.0,0.0,1.0,1.0,0.0,0.0,1.0,1.0,1.0,2.0,0.0,0.0,0.0,1.0,1.0,1.0,2.0,2.0,1.0,0.0,0.0,1.0,1.0,1.0,2.0,1.0,0.0,1.0,0.0,0.0,1.0,0.0,1.0,0.0,0.0,2.0,1.0,2.0,1.0,1.0,0.0,0.0,1.0,1.0,1.0,0.0,2.0,2.0,0.0,0.0,1.0,1.0,0.0,0.0,1.0,1.0,1.0,1.0,2.0,1.0,0.0,1.0,0.0,2.0,1.0,0.0,2.0,1.0,0.0,2.0,1.0,1.0,1.0,1.0,2.0,2.0,1.0,1.0,1.0,2.0,0.0,2.0,0.0,2.0,2.0,2.0,0.0,0.0,0.0,0.0,0.0,2.0,1.0,1.0,1.0,0.0,2.0,0.0,1.0,1.0,1.0,1.0,1.0,1.0,2.0,1.0,1.0,1.0,1.0,1.0,1.0,1.0,1.0,1.0,2.0,2.0,2.0,2.0,2.0,2.0,0.0,2.0,1.0,1.0,0.0,2.0,0.0,0.0,2.0,1.0,1.0,2.0,1.0,0.0,2.0,0.0
55,0.0,0.0,2.0,2.0,0.0,2.0,2.0,0.0,2.0,2.0,1.0,1.0,2.0,1.0,1.0,1.0,1.0,1.0,2.0,1.0,2.0,2.0,2.0,2.0,1.0,0.0,2.0,1.0,1.0,1.0,2.0,1.0,0.0,0.0,0.0,0.0,0.0,2.0,2.0,2.0,0.0,2.0,2.0,0.0,2.0,2.0,2.0,1.0,0.0,0.0,1.0,1.0,2.0,2.0,1.0,2.0,0.0,1.0,1.0,0.0,2.0,1.0,1.0,2.0,2.0,2.0,0.0,0.0,0.0,1.0,0.0,0.0,0.0,1.0,1.0,2.0,0.0,0.0,1.0,2.0,0.0,0.0,2.0,2.0,1.0,1.0,1.0,1.0,0.0,0.0,0.0,2.0,1.0,0.0,0.0,2.0,0.0,2.0,0.0,0.0,0.0,2.0,2.0,1.0,1.0,0.0,0.0,1.0,1.0,0.0,1.0,1.0,1.0,1.0,1.0,1.0,1.0,1.0,0.0,1.0,0.0,0.0,2.0,1.0,1.0,1.0,1.0,0.0,1.0,2.0,2.0,0.0,2.0,1.0,1.0,1.0,1.0,1.0,1.0,1.0,1.0,1.0,2.0,2.0,2.0,2.0,2.0,2.0,1.0,1.0,1.0,1.0,0.0,2.0,0.0,0.0,2.0,1.0,1.0,2.0,1.0,1.0,2.0,0.0
56,1.0,0.0,1.0,1.0,0.0,2.0,1.0,1.0,1.0,2.0,0.0,0.0,2.0,0.0,2.0,0.0,2.0,0.0,2.0,1.0,2.0,2.0,2.0,2.0,1.0,0.0,2.0,1.0,1.0,1.0,2.0,1.0,0.0,0.0,0.0,1.0,0.0,2.0,1.0,1.0,0.0,2.0,2.0,0.0,1.0,1.0,1.0,1.0,1.0,0.0,2.0,2.0,2.0,2.0,1.0,2.0,0.0,1.0,1.0,0.0,1.0,1.0,1.0,2.0,2.0,2.0,0.0,0.0,0.0,1.0,0.0,0.0,0.0,1.0,1.0,2.0,0.0,0.0,1.0,2.0,0.0,0.0,2.0,2.0,1.0,1.0,1.0,1.0,0.0,0.0,0.0,2.0,1.0,0.0,0.0,2.0,0.0,2.0,0.0,0.0,0.0,2.0,2.0,1.0,1.0,0.0,0.0,1.0,1.0,0.0,1.0,1.0,1.0,1.0,1.0,0.0,0.0,0.0,0.0,2.0,0.0,0.0,2.0,1.0,1.0,0.0,0.0,0.0,2.0,1.0,1.0,1.0,2.0,1.0,1.0,1.0,1.0,1.0,1.0,1.0,1.0,1.0,2.0,2.0,2.0,2.0,2.0,2.0,1.0,1.0,1.0,1.0,0.0,2.0,0.0,0.0,2.0,1.0,1.0,2.0,1.0,1.0,2.0,0.0
57,1.0,0.0,1.0,1.0,0.0,2.0,1.0,1.0,0.0,2.0,0.0,0.0,2.0,0.0,2.0,0.0,2.0,0.0,2.0,0.0,1.0,1.0,1.0,1.0,0.0,0.0,2.0,2.0,2.0,1.0,1.0,0.0,0.0,0.0,1.0,2.0,0.0,2.0,0.0,0.0,0.0,1.0,1.0,1.0,0.0,0.0,0.0,0.0,2.0,0.0,1.0,1.0,1.0,1.0,1.0,1.0,0.0,1.0,2.0,0.0,1.0,0.0,0.0,2.0,2.0,2.0,0.0,0.0,0.0,2.0,0.0,0.0,0.0,2.0,0.0,2.0,0.0,0.0,2.0,2.0,0.0,0.0,2.0,2.0,0.0,2.0,0.0,0.0,0.0,0.0,0.0,2.0,0.0,0.0,0.0,1.0,0.0,2.0,0.0,0.0,0.0,2.0,2.0,2.0,0.0,0.0,1.0,1.0,1.0,1.0,1.0,1.0,0.0,0.0,0.0,2.0,2.0,1.0,0.0,1.0,0.0,0.0,2.0,0.0,2.0,1.0,2.0,0.0,0.0,2.0,0.0,2.0,2.0,2.0,1.0,2.0,0.0,1.0,0.0,2.0,0.0,2.0,2.0,2.0,2.0,0.0,2.0,0.0,2.0,0.0,2.0,1.0,0.0,1.0,1.0,1.0,1.0,0.0,2.0,2.0,2.0,2.0,1.0,0.0
58,1.0,0.0,1.0,1.0,0.0,2.0,1.0,1.0,1.0,2.0,1.0,1.0,2.0,1.0,1.0,2.0,0.0,2.0,2.0,0.0,1.0,1.0,1.0,1.0,0.0,0.0,2.0,2.0,2.0,1.0,1.0,0.0,0.0,1.0,1.0,0.0,0.0,1.0,1.0,2.0,0.0,1.0,2.0,0.0,2.0,2.0,2.0,1.0,1.0,0.0,0.0,0.0,1.0,1.0,1.0,1.0,0.0,1.0,2.0,0.0,1.0,0.0,0.0,1.0,1.0,2.0,1.0,1.0,0.0,2.0,1.0,1.0,1.0,2.0,1.0,1.0,1.0,0.0,2.0,2.0,0.0,0.0,2.0,2.0,1.0,1.0,1.0,1.0,0.0,0.0,0.0,2.0,0.0,0.0,0.0,2.0,0.0,2.0,0.0,0.0,0.0,2.0,2.0,2.0,0.0,0.0,1.0,1.0,1.0,0.0,2.0,0.0,0.0,0.0,0.0,2.0,2.0,2.0,1.0,0.0,0.0,0.0,2.0,0.0,2.0,2.0,2.0,0.0,0.0,2.0,0.0,2.0,2.0,2.0,1.0,2.0,0.0,1.0,0.0,2.0,0.0,2.0,2.0,2.0,2.0,0.0,2.0,0.0,2.0,0.0,2.0,1.0,0.0,1.0,1.0,1.0,1.0,0.0,2.0,1.0,2.0,1.0,1.0,0.0
59,1.0,0.0,1.0,1.0,0.0,1.0,2.0,0.0,1.0,2.0,1.0,1.0,2.0,1.0,1.0,1.0,1.0,1.0,2.0,1.0,2.0,2.0,2.0,2.0,0.0,0.0,2.0,2.0,2.0,1.0,2.0,0.0,0.0,0.0,0.0,2.0,0.0,2.0,0.0,0.0,0.0,2.0,2.0,0.0,0.0,0.0,0.0,0.0,2.0,0.0,2.0,2.0,2.0,2.0,2.0,2.0,0.0,2.0,2.0,0.0,1.0,0.0,0.0,2.0,1.0,2.0,1.0,1.0,0.0,1.0,1.0,1.0,1.0,1.0,1.0,2.0,0.0,0.0,2.0,1.0,0.0,0.0,2.0,2.0,0.0,2.0,1.0,0.0,0.0,1.0,0.0,2.0,0.0,0.0,0.0,0.0,0.0,2.0,0.0,0.0,0.0,2.0,2.0,2.0,0.0,0.0,0.0,0.0,2.0,0.0,2.0,0.0,0.0,0.0,0.0,2.0,2.0,1.0,0.0,1.0,0.0,0.0,2.0,0.0,2.0,1.0,1.0,0.0,1.0,1.0,0.0,2.0,2.0,2.0,1.0,2.0,0.0,1.0,1.0,2.0,1.0,2.0,2.0,2.0,2.0,0.0,1.0,1.0,2.0,0.0,2.0,0.0,0.0,2.0,0.0,0.0,2.0,0.0,2.0,1.0,2.0,1.0,2.0,0.0
60,0.0,0.0,2.0,1.0,0.0,1.0,2.0,0.0,1.0,2.0,1.0,1.0,2.0,1.0,1.0,1.0,1.0,1.0,2.0,1.0,2.0,2.0,2.0,2.0,0.0,0.0,2.0,2.0,2.0,1.0,1.0,0.0,0.0,1.0,2.0,0.0,0.0,2.0,2.0,2.0,0.0,1.0,2.0,0.0,2.0,1.0,1.0,0.0,0.0,1.0,1.0,1.0,2.0,1.0,1.0,1.0,0.0,1.0,2.0,0.0,2.0,1.0,0.0,2.0,1.0,2.0,1.0,1.0,0.0,1.0,1.0,1.0,1.0,1.0,1.0,2.0,0.0,0.0,2.0,1.0,0.0,0.0,2.0,1.0,0.0,2.0,1.0,0.0,1.0,1.0,1.0,1.0,1.0,0.0,0.0,1.0,0.0,2.0,0.0,0.0,0.0,2.0,2.0,2.0,0.0,0.0,0.0,2.0,0.0,0.0,0.0,2.0,2.0,2.0,2.0,0.0,0.0,0.0,0.0,2.0,0.0,0.0,2.0,0.0,2.0,0.0,0.0,0.0,2.0,0.0,0.0,2.0,2.0,2.0,1.0,2.0,0.0,1.0,1.0,2.0,1.0,2.0,2.0,2.0,2.0,0.0,1.0,1.0,2.0,0.0,2.0,0.0,0.0,2.0,0.0,0.0,2.0,0.0,2.0,2.0,2.0,2.0,2.0,0.0
61,1.0,0.0,1.0,2.0,1.0,1.0,2.0,0.0,1.0,1.0,0.0,0.0,1.0,1.0,1.0,0.0,1.0,0.0,1.0,0.0,2.0,2.0,2.0,2.0,0.0,0.0,2.0,2.0,2.0,1.0,1.0,0.0,0.0,0.0,1.0,1.0,0.0,2.0,1.0,1.0,0.0,0.0,1.0,1.0,1.0,0.0,0.0,0.0,1.0,1.0,1.0,1.0,2.0,0.0,1.0,1.0,0.0,0.0,1.0,0.0,2.0,1.0,0.0,2.0,0.0,2.0,2.0,2.0,0.0,0.0,2.0,2.0,2.0,0.0,2.0,2.0,0.0,0.0,2.0,0.0,0.0,0.0,2.0,2.0,0.0,2.0,2.0,0.0,0.0,2.0,0.0,2.0,0.0,0.0,0.0,0.0,1.0,0.0,1.0,1.0,1.0,1.0,1.0,2.0,0.0,0.0,2.0,2.0,0.0,1.0,1.0,1.0,1.0,1.0,0.0,1.0,1.0,1.0,1.0,1.0,0.0,0.0,2.0,0.0,2.0,2.0,2.0,0.0,0.0,2.0,0.0,2.0,2.0,0.0,1.0,1.0,0.0,2.0,1.0,2.0,2.0,2.0,2.0,2.0,1.0,2.0,2.0,2.0,0.0,2.0,1.0,0.0,1.0,1.0,1.0,0.0,2.0,1.0,1.0,2.0,1.0,0.0,1.0,0.0
62,0.0,0.0,2.0,2.0,0.0,2.0,2.0,0.0,2.0,2.0,0.0,0.0,2.0,0.0,2.0,0.0,2.0,0.0,2.0,1.0,2.0,2.0,2.0,2.0,0.0,0.0,2.0,2.0,2.0,1.0,2.0,0.0,0.0,1.0,1.0,1.0,0.0,2.0,2.0,2.0,0.0,2.0,2.0,0.0,2.0,1.0,1.0,1.0,2.0,0.0,1.0,1.0,1.0,0.0,1.0,1.0,0.0,0.0,1.0,0.0,1.0,1.0,1.0,2.0,0.0,2.0,1.0,1.0,0.0,0.0,2.0,2.0,2.0,1.0,2.0,1.0,2.0,0.0,2.0,2.0,0.0,0.0,2.0,1.0,0.0,2.0,1.0,0.0,1.0,1.0,1.0,1.0,1.0,0.0,0.0,1.0,0.0,1.0,0.0,0.0,0.0,1.0,2.0,2.0,1.0,0.0,1.0,2.0,0.0,2.0,0.0,2.0,2.0,2.0,0.0,0.0,0.0,0.0,0.0,2.0,0.0,0.0,2.0,0.0,2.0,0.0,1.0,1.0,1.0,1.0,0.0,2.0,2.0,0.0,0.0,0.0,0.0,2.0,0.0,2.0,1.0,2.0,1.0,1.0,2.0,1.0,1.0,2.0,0.0,2.0,1.0,2.0,0.0,1.0,1.0,1.0,1.0,0.0,1.0,2.0,1.0,1.0,2.0,1.0
63,2.0,0.0,0.0,1.0,1.0,0.0,2.0,0.0,0.0,1.0,0.0,0.0,2.0,0.0,2.0,0.0,2.0,0.0,2.0,0.0,1.0,1.0,1.0,1.0,0.0,0.0,2.0,2.0,2.0,1.0,2.0,0.0,0.0,0.0,0.0,2.0,0.0,2.0,0.0,0.0,0.0,0.0,0.0,2.0,0.0,0.0,0.0,0.0,2.0,0.0,0.0,0.0,1.0,1.0,1.0,1.0,0.0,1.0,2.0,0.0,1.0,1.0,1.0,2.0,2.0,2.0,0.0,0.0,0.0,1.0,1.0,1.0,1.0,1.0,1.0,2.0,1.0,0.0,2.0,2.0,0.0,0.0,2.0,1.0,0.0,2.0,1.0,0.0,1.0,1.0,1.0,1.0,1.0,0.0,0.0,1.0,1.0,1.0,1.0,1.0,1.0,2.0,1.0,2.0,0.0,0.0,1.0,2.0,0.0,0.0,1.0,1.0,1.0,1.0,1.0,1.0,1.0,1.0,1.0,1.0,0.0,0.0,2.0,0.0,2.0,1.0,2.0,0.0,0.0,2.0,0.0,2.0,1.0,1.0,1.0,1.0,0.0,1.0,0.0,2.0,0.0,2.0,1.0,1.0,2.0,0.0,1.0,1.0,1.0,1.0,2.0,1.0,0.0,2.0,0.0,0.0,2.0,0.0,1.0,1.0,2.0,0.0,2.0,0.0
64,1.0,0.0,1.0,1.0,0.0,1.0,2.0,0.0,1.0,2.0,0.0,0.0,2.0,0.0,2.0,0.0,2.0,0.0,2.0,1.0,1.0,1.0,1.0,1.0,1.0,0.0,2.0,1.0,1.0,0.0,2.0,0.0,0.0,1.0,1.0,1.0,0.0,2.0,1.0,1.0,0.0,1.0,1.0,1.0,1.0,1.0,1.0,0.0,1.0,0.0,0.0,0.0,2.0,1.0,2.0,2.0,0.0,1.0,1.0,0.0,2.0,0.0,0.0,2.0,1.0,2.0,1.0,1.0,0.0,1.0,1.0,1.0,1.0,1.0,1.0,2.0,0.0,0.0,2.0,1.0,0.0,0.0,2.0,2.0,0.0,2.0,1.0,0.0,0.0,1.0,0.0,2.0,0.0,0.0,0.0,0.0,0.0,1.0,0.0,0.0,0.0,1.0,2.0,2.0,2.0,0.0,1.0,2.0,0.0,1.0,1.0,1.0,1.0,1.0,0.0,1.0,1.0,1.0,0.0,2.0,0.0,0.0,2.0,0.0,2.0,0.0,1.0,1.0,1.0,1.0,1.0,1.0,1.0,1.0,1.0,1.0,1.0,1.0,1.0,1.0,0.0,1.0,1.0,1.0,2.0,1.0,1.0,2.0,1.0,1.0,2.0,1.0,0.0,2.0,0.0,0.0,2.0,0.0,1.0,2.0,1.0,0.0,2.0,0.0
65,2.0,0.0,0.0,1.0,1.0,0.0,2.0,0.0,0.0,1.0,0.0,0.0,2.0,0.0,2.0,0.0,2.0,0.0,2.0,0.0,1.0,1.0,1.0,1.0,0.0,0.0,2.0,2.0,2.0,1.0,1.0,0.0,0.0,1.0,2.0,0.0,0.0,2.0,2.0,2.0,0.0,1.0,2.0,0.0,2.0,2.0,2.0,1.0,1.0,0.0,0.0,0.0,1.0,1.0,1.0,1.0,0.0,0.0,1.0,0.0,1.0,1.0,2.0,2.0,2.0,2.0,0.0,0.0,0.0,1.0,2.0,2.0,2.0,0.0,1.0,1.0,1.0,0.0,2.0,2.0,0.0,1.0,2.0,0.0,1.0,1.0,2.0,0.0,2.0,2.0,2.0,1.0,1.0,1.0,1.0,2.0,0.0,1.0,0.0,0.0,0.0,1.0,2.0,2.0,2.0,0.0,1.0,2.0,0.0,1.0,1.0,1.0,1.0,1.0,0.0,1.0,1.0,1.0,0.0,1.0,0.0,0.0,2.0,0.0,2.0,1.0,1.0,1.0,1.0,1.0,0.0,2.0,1.0,1.0,0.0,1.0,0.0,2.0,1.0,2.0,1.0,2.0,1.0,1.0,2.0,0.0,0.0,2.0,1.0,1.0,2.0,1.0,0.0,2.0,0.0,0.0,2.0,0.0,1.0,2.0,1.0,1.0,2.0,0.0
66,0.0,0.0,2.0,2.0,0.0,2.0,2.0,0.0,2.0,2.0,0.0,0.0,1.0,1.0,1.0,0.0,1.0,0.0,1.0,1.0,2.0,2.0,2.0,2.0,1.0,0.0,2.0,1.0,1.0,0.0,2.0,0.0,0.0,1.0,1.0,1.0,0.0,2.0,1.0,1.0,0.0,1.0,1.0,1.0,1.0,1.0,1.0,0.0,2.0,0.0,0.0,0.0,2.0,0.0,1.0,2.0,0.0,0.0,0.0,0.0,2.0,1.0,2.0,2.0,2.0,2.0,0.0,0.0,0.0,1.0,2.0,2.0,2.0,0.0,2.0,2.0,2.0,0.0,2.0,2.0,0.0,0.0,2.0,0.0,0.0,2.0,2.0,0.0,2.0,2.0,2.0,0.0,2.0,0.0,0.0,2.0,1.0,1.0,1.0,1.0,1.0,2.0,1.0,2.0,0.0,0.0,1.0,1.0,1.0,0.0,2.0,0.0,0.0,0.0,0.0,2.0,2.0,2.0,1.0,0.0,0.0,0.0,2.0,0.0,2.0,2.0,2.0,0.0,0.0,2.0,1.0,1.0,2.0,1.0,2.0,2.0,1.0,1.0,2.0,1.0,1.0,1.0,2.0,2.0,1.0,2.0,2.0,2.0,0.0,2.0,0.0,0.0,0.0,1.0,1.0,1.0,1.0,0.0,2.0,2.0,2.0,1.0,1.0,0.0
67,1.0,0.0,1.0,2.0,1.0,1.0,2.0,0.0,1.0,1.0,1.0,1.0,0.0,2.0,1.0,0.0,0.0,0.0,0.0,1.0,1.0,1.0,1.0,1.0,0.0,0.0,2.0,2.0,1.0,0.0,2.0,0.0,0.0,0.0,1.0,1.0,0.0,2.0,1.0,1.0,0.0,1.0,2.0,0.0,1.0,0.0,1.0,0.0,2.0,0.0,2.0,2.0,2.0,2.0,1.0,2.0,0.0,1.0,1.0,0.0,0.0,1.0,2.0,2.0,2.0,1.0,0.0,1.0,1.0,2.0,2.0,2.0,2.0,1.0,1.0,0.0,1.0,0.0,2.0,2.0,0.0,0.0,2.0,1.0,1.0,1.0,1.0,0.0,1.0,1.0,1.0,2.0,0.0,1.0,1.0,1.0,0.0,0.0,0.0,0.0,0.0,0.0,2.0,2.0,2.0,0.0,2.0,2.0,0.0,1.0,1.0,1.0,1.0,1.0,0.0,1.0,1.0,1.0,0.0,2.0,0.0,0.0,2.0,0.0,2.0,1.0,1.0,0.0,1.0,2.0,1.0,1.0,1.0,1.0,1.0,1.0,0.0,1.0,0.0,2.0,0.0,2.0,1.0,1.0,1.0,1.0,2.0,1.0,1.0,1.0,2.0,0.0,0.0,2.0,0.0,0.0,2.0,0.0,2.0,2.0,2.0,1.0,1.0,0.0
68,0.0,0.0,2.0,2.0,0.0,2.0,2.0,0.0,2.0,2.0,0.0,0.0,2.0,0.0,2.0,1.0,1.0,1.0,2.0,0.0,1.0,1.0,1.0,1.0,0.0,0.0,2.0,2.0,2.0,1.0,1.0,0.0,0.0,0.0,2.0,1.0,0.0,2.0,1.0,1.0,0.0,1.0,2.0,0.0,1.0,0.0,1.0,0.0,2.0,0.0,2.0,2.0,2.0,2.0,1.0,2.0,0.0,1.0,1.0,0.0,0.0,1.0,1.0,2.0,2.0,1.0,0.0,1.0,1.0,2.0,1.0,1.0,1.0,2.0,1.0,1.0,2.0,0.0,2.0,2.0,0.0,0.0,2.0,1.0,0.0,2.0,1.0,0.0,1.0,1.0,1.0,1.0,1.0,0.0,0.0,1.0,0.0,0.0,0.0,0.0,0.0,0.0,2.0,2.0,2.0,0.0,2.0,2.0,0.0,1.0,1.0,1.0,1.0,1.0,0.0,1.0,1.0,1.0,0.0,2.0,0.0,0.0,2.0,0.0,2.0,1.0,1.0,0.0,1.0,2.0,2.0,0.0,2.0,2.0,2.0,2.0,1.0,0.0,1.0,1.0,0.0,1.0,2.0,2.0,2.0,1.0,2.0,1.0,2.0,0.0,2.0,0.0,0.0,2.0,0.0,0.0,2.0,0.0,2.0,2.0,2.0,1.0,1.0,0.0
69,0.0,0.0,2.0,2.0,0.0,2.0,2.0,0.0,2.0,2.0,0.0,0.0,1.0,1.0,1.0,1.0,0.0,1.0,1.0,0.0,1.0,1.0,1.0,1.0,0.0,0.0,2.0,2.0,2.0,0.0,0.0,0.0,0.0,0.0,2.0,1.0,0.0,2.0,1.0,2.0,0.0,0.0,2.0,0.0,2.0,1.0,1.0,1.0,1.0,1.0,1.0,1.0,1.0,0.0,0.0,0.0,0.0,0.0,2.0,0.0,2.0,1.0,1.0,1.0,0.0,2.0,1.0,1.0,0.0,1.0,2.0,2.0,2.0,1.0,2.0,1.0,2.0,0.0,2.0,1.0,0.0,0.0,2.0,2.0,1.0,1.0,2.0,1.0,0.0,1.0,0.0,2.0,0.0,0.0,0.0,1.0,0.0,0.0,0.0,0.0,0.0,0.0,2.0,2.0,1.0,0.0,2.0,2.0,0.0,1.0,1.0,1.0,1.0,1.0,0.0,1.0,1.0,1.0,0.0,2.0,0.0,0.0,2.0,0.0,2.0,1.0,1.0,0.0,1.0,2.0,1.0,1.0,2.0,1.0,1.0,1.0,0.0,1.0,1.0,2.0,1.0,2.0,2.0,2.0,1.0,0.0,2.0,0.0,1.0,1.0,1.0,1.0,0.0,1.0,1.0,1.0,1.0,0.0,2.0,2.0,2.0,1.0,2.0,1.0
70,1.0,0.0,1.0,2.0,1.0,1.0,2.0,0.0,1.0,1.0,1.0,1.0,1.0,1.0,2.0,0.0,1.0,0.0,1.0,2.0,1.0,1.0,1.0,1.0,0.0,0.0,2.0,2.0,1.0,0.0,1.0,0.0,0.0,0.0,2.0,0.0,0.0,2.0,2.0,2.0,0.0,0.0,2.0,0.0,2.0,0.0,1.0,0.0,1.0,1.0,2.0,2.0,2.0,1.0,0.0,1.0,0.0,0.0,1.0,0.0,2.0,1.0,1.0,1.0,0.0,2.0,1.0,1.0,0.0,1.0,2.0,2.0,2.0,1.0,2.0,1.0,2.0,0.0,2.0,1.0,0.0,0.0,2.0,2.0,1.0,1.0,2.0,1.0,0.0,1.0,0.0,2.0,0.0,0.0,0.0,1.0,0.0,2.0,0.0,0.0,0.0,2.0,2.0,2.0,0.0,1.0,2.0,2.0,0.0,1.0,1.0,1.0,1.0,1.0,0.0,1.0,1.0,1.0,1.0,1.0,1.0,1.0,1.0,0.0,2.0,0.0,1.0,0.0,1.0,2.0,2.0,0.0,2.0,2.0,2.0,2.0,1.0,0.0,1.0,1.0,0.0,1.0,2.0,2.0,2.0,1.0,2.0,1.0,1.0,1.0,1.0,1.0,0.0,1.0,1.0,1.0,1.0,0.0,2.0,2.0,2.0,2.0,0.0,0.0
71,1.0,0.0,1.0,1.0,0.0,1.0,2.0,0.0,1.0,2.0,0.0,0.0,2.0,1.0,2.0,0.0,1.0,0.0,2.0,1.0,2.0,2.0,2.0,2.0,0.0,0.0,2.0,2.0,2.0,0.0,1.0,0.0,0.0,0.0,1.0,2.0,0.0,2.0,0.0,1.0,0.0,0.0,1.0,1.0,1.0,1.0,1.0,1.0,2.0,0.0,0.0,0.0,1.0,0.0,0.0,1.0,1.0,0.0,1.0,1.0,2.0,0.0,1.0,1.0,1.0,2.0,1.0,1.0,0.0,1.0,1.0,1.0,1.0,2.0,1.0,1.0,1.0,0.0,2.0,2.0,0.0,0.0,2.0,2.0,0.0,2.0,0.0,0.0,0.0,0.0,0.0,2.0,0.0,0.0,0.0,0.0,0.0,0.0,0.0,0.0,0.0,0.0,2.0,2.0,0.0,2.0,1.0,2.0,0.0,1.0,1.0,1.0,1.0,1.0,0.0,1.0,1.0,1.0,1.0,1.0,0.0,0.0,2.0,0.0,2.0,1.0,1.0,1.0,1.0,1.0,0.0,2.0,0.0,0.0,0.0,0.0,0.0,2.0,0.0,2.0,0.0,2.0,0.0,0.0,2.0,0.0,0.0,2.0,0.0,2.0,2.0,2.0,0.0,2.0,0.0,0.0,2.0,0.0,0.0,0.0,2.0,0.0,2.0,0.0
72,1.0,0.0,1.0,1.0,0.0,1.0,2.0,0.0,1.0,2.0,0.0,0.0,2.0,0.0,2.0,0.0,2.0,0.0,2.0,2.0,2.0,2.0,2.0,2.0,0.0,0.0,2.0,2.0,2.0,1.0,1.0,0.0,0.0,0.0,1.0,2.0,0.0,2.0,0.0,1.0,0.0,0.0,1.0,1.0,1.0,1.0,1.0,1.0,2.0,0.0,0.0,0.0,1.0,0.0,0.0,1.0,0.0,0.0,1.0,0.0,2.0,1.0,0.0,0.0,0.0,2.0,2.0,2.0,0.0,2.0,2.0,2.0,2.0,2.0,1.0,1.0,1.0,0.0,2.0,2.0,0.0,0.0,2.0,2.0,1.0,1.0,0.0,0.0,0.0,0.0,0.0,2.0,0.0,0.0,0.0,1.0,0.0,0.0,0.0,0.0,0.0,0.0,2.0,2.0,0.0,2.0,1.0,2.0,0.0,2.0,0.0,2.0,2.0,2.0,0.0,0.0,0.0,0.0,0.0,2.0,1.0,1.0,1.0,0.0,2.0,0.0,1.0,1.0,1.0,1.0,0.0,2.0,1.0,1.0,0.0,1.0,0.0,2.0,1.0,2.0,1.0,2.0,1.0,1.0,2.0,0.0,0.0,2.0,1.0,1.0,2.0,1.0,0.0,2.0,0.0,0.0,2.0,0.0,0.0,0.0,2.0,0.0,2.0,0.0
73,0.0,0.0,2.0,2.0,0.0,2.0,2.0,0.0,2.0,2.0,0.0,0.0,2.0,0.0,2.0,0.0,2.0,0.0,2.0,2.0,2.0,1.0,1.0,1.0,0.0,0.0,2.0,2.0,1.0,0.0,0.0,0.0,0.0,0.0,2.0,1.0,0.0,2.0,1.0,2.0,0.0,0.0,2.0,0.0,2.0,2.0,2.0,1.0,1.0,0.0,0.0,0.0,1.0,1.0,1.0,1.0,0.0,0.0,1.0,0.0,2.0,0.0,1.0,1.0,1.0,1.0,1.0,2.0,1.0,2.0,2.0,2.0,2.0,2.0,1.0,1.0,1.0,0.0,2.0,2.0,0.0,0.0,2.0,2.0,0.0,2.0,0.0,0.0,0.0,0.0,0.0,2.0,0.0,0.0,0.0,0.0,0.0,2.0,0.0,0.0,0.0,2.0,2.0,2.0,0.0,0.0,2.0,2.0,0.0,1.0,1.0,1.0,0.0,0.0,0.0,2.0,2.0,1.0,1.0,1.0,0.0,0.0,2.0,0.0,2.0,1.0,1.0,0.0,1.0,2.0,1.0,1.0,2.0,2.0,1.0,2.0,1.0,1.0,2.0,1.0,1.0,1.0,2.0,2.0,2.0,1.0,1.0,2.0,1.0,1.0,1.0,0.0,0.0,1.0,1.0,1.0,1.0,0.0,2.0,2.0,2.0,2.0,1.0,0.0
74,0.0,0.0,2.0,2.0,0.0,2.0,2.0,0.0,2.0,2.0,0.0,0.0,2.0,0.0,2.0,0.0,2.0,0.0,2.0,1.0,1.0,1.0,1.0,1.0,0.0,0.0,2.0,2.0,2.0,0.0,1.0,1.0,0.0,0.0,0.0,2.0,0.0,2.0,0.0,1.0,0.0,0.0,1.0,1.0,1.0,1.0,1.0,1.0,2.0,0.0,0.0,0.0,2.0,0.0,0.0,1.0,0.0,0.0,1.0,0.0,2.0,2.0,1.0,1.0,0.0,2.0,1.0,1.0,0.0,1.0,2.0,2.0,2.0,2.0,2.0,0.0,2.0,0.0,2.0,2.0,0.0,0.0,2.0,2.0,1.0,1.0,1.0,1.0,0.0,0.0,0.0,2.0,0.0,0.0,0.0,1.0,0.0,1.0,0.0,0.0,0.0,1.0,2.0,2.0,1.0,0.0,2.0,2.0,0.0,0.0,2.0,0.0,0.0,0.0,0.0,2.0,2.0,2.0,1.0,1.0,0.0,0.0,2.0,0.0,2.0,1.0,1.0,0.0,1.0,2.0,1.0,1.0,1.0,1.0,1.0,1.0,1.0,1.0,1.0,1.0,0.0,1.0,1.0,1.0,2.0,1.0,1.0,2.0,0.0,2.0,1.0,1.0,0.0,1.0,1.0,1.0,1.0,0.0,1.0,1.0,2.0,1.0,1.0,0.0
75,1.0,0.0,1.0,2.0,1.0,1.0,2.0,0.0,1.0,1.0,1.0,1.0,0.0,2.0,1.0,0.0,0.0,0.0,0.0,1.0,1.0,1.0,1.0,1.0,0.0,0.0,2.0,2.0,1.0,0.0,2.0,0.0,0.0,0.0,1.0,1.0,0.0,2.0,1.0,1.0,0.0,1.0,2.0,0.0,1.0,0.0,1.0,0.0,2.0,0.0,2.0,2.0,2.0,2.0,0.0,2.0,0.0,0.0,0.0,0.0,1.0,1.0,2.0,2.0,1.0,1.0,0.0,1.0,1.0,1.0,2.0,2.0,2.0,1.0,2.0,1.0,2.0,0.0,2.0,2.0,0.0,0.0,2.0,2.0,1.0,1.0,1.0,1.0,0.0,0.0,0.0,2.0,0.0,0.0,0.0,1.0,0.0,1.0,0.0,0.0,0.0,1.0,2.0,2.0,1.0,1.0,2.0,2.0,0.0,2.0,0.0,2.0,2.0,2.0,0.0,0.0,0.0,0.0,0.0,2.0,1.0,1.0,1.0,0.0,2.0,1.0,2.0,0.0,0.0,2.0,2.0,0.0,2.0,2.0,2.0,2.0,1.0,0.0,1.0,1.0,0.0,1.0,2.0,2.0,2.0,1.0,2.0,1.0,1.0,1.0,1.0,1.0,0.0,1.0,1.0,1.0,1.0,0.0,2.0,2.0,2.0,2.0,0.0,0.0
76,2.0,0.0,0.0,2.0,2.0,0.0,2.0,0.0,0.0,0.0,2.0,2.0,0.0,2.0,1.0,0.0,0.0,0.0,0.0,1.0,1.0,1.0,1.0,1.0,0.0,0.0,2.0,2.0,1.0,0.0,2.0,0.0,0.0,0.0,2.0,0.0,0.0,2.0,2.0,2.0,0.0,0.0,2.0,0.0,2.0,0.0,1.0,0.0,1.0,1.0,2.0,2.0,2.0,2.0,1.0,2.0,0.0,1.0,1.0,0.0,1.0,0.0,2.0,2.0,1.0,2.0,0.0,0.0,0.0,1.0,2.0,2.0,2.0,0.0,1.0,1.0,1.0,0.0,2.0,1.0,0.0,0.0,2.0,1.0,1.0,1.0,2.0,0.0,1.0,2.0,1.0,2.0,0.0,1.0,1.0,1.0,0.0,1.0,0.0,0.0,0.0,1.0,2.0,2.0,1.0,1.0,2.0,2.0,0.0,1.0,1.0,1.0,1.0,1.0,0.0,1.0,1.0,1.0,0.0,2.0,1.0,1.0,1.0,0.0,2.0,0.0,1.0,0.0,1.0,2.0,1.0,1.0,1.0,1.0,1.0,1.0,0.0,1.0,0.0,2.0,0.0,2.0,1.0,1.0,1.0,1.0,2.0,1.0,1.0,1.0,2.0,0.0,0.0,2.0,0.0,0.0,2.0,0.0,2.0,2.0,2.0,1.0,1.0,0.0
77,2.0,0.0,0.0,1.0,1.0,1.0,2.0,0.0,1.0,1.0,1.0,1.0,1.0,1.0,2.0,1.0,0.0,1.0,1.0,1.0,0.0,0.0,0.0,0.0,0.0,0.0,2.0,2.0,1.0,0.0,1.0,0.0,0.0,0.0,0.0,1.0,0.0,1.0,0.0,1.0,0.0,1.0,2.0,0.0,1.0,1.0,1.0,1.0,2.0,0.0,1.0,1.0,1.0,1.0,1.0,1.0,0.0,1.0,2.0,0.0,1.0,0.0,1.0,2.0,2.0,1.0,0.0,1.0,1.0,2.0,1.0,1.0,1.0,2.0,1.0,1.0,1.0,0.0,2.0,2.0,0.0,0.0,2.0,2.0,0.0,2.0,0.0,0.0,0.0,0.0,0.0,2.0,0.0,0.0,0.0,1.0,0.0,1.0,0.0,0.0,0.0,1.0,2.0,2.0,1.0,0.0,2.0,2.0,0.0,1.0,1.0,1.0,1.0,1.0,0.0,1.0,1.0,1.0,1.0,1.0,0.0,0.0,2.0,0.0,2.0,1.0,1.0,0.0,1.0,2.0,1.0,1.0,2.0,2.0,2.0,2.0,0.0,0.0,0.0,2.0,0.0,2.0,2.0,2.0,2.0,0.0,2.0,0.0,2.0,0.0,2.0,0.0,0.0,2.0,0.0,0.0,2.0,0.0,2.0,1.0,2.0,1.0,1.0,0.0
78,0.0,0.0,2.0,2.0,0.0,2.0,2.0,0.0,2.0,2.0,0.0,0.0,1.0,1.0,1.0,1.0,0.0,1.0,1.0,0.0,1.0,1.0,1.0,1.0,0.0,0.0,2.0,2.0,2.0,0.0,1.0,0.0,0.0,0.0,1.0,0.0,0.0,1.0,1.0,2.0,0.0,0.0,2.0,0.0,2.0,1.0,2.0,0.0,1.0,0.0,1.0,1.0,2.0,2.0,1.0,2.0,0.0,1.0,1.0,0.0,0.0,1.0,1.0,1.0,1.0,2.0,1.0,1.0,0.0,2.0,2.0,2.0,2.0,1.0,1.0,0.0,1.0,0.0,2.0,2.0,0.0,0.0,2.0,1.0,2.0,0.0,2.0,1.0,1.0,1.0,1.0,2.0,0.0,1.0,1.0,2.0,0.0,1.0,0.0,0.0,0.0,1.0,2.0,2.0,1.0,0.0,1.0,1.0,1.0,0.0,2.0,0.0,0.0,0.0,0.0,2.0,2.0,2.0,0.0,1.0,0.0,0.0,2.0,0.0,2.0,1.0,1.0,0.0,1.0,2.0,0.0,2.0,1.0,2.0,2.0,2.0,0.0,0.0,0.0,2.0,0.0,2.0,2.0,2.0,2.0,0.0,2.0,0.0,2.0,0.0,2.0,0.0,0.0,2.0,0.0,0.0,2.0,0.0,2.0,1.0,2.0,1.0,1.0,0.0
79,1.0,0.0,1.0,1.0,0.0,1.0,2.0,0.0,1.0,2.0,0.0,0.0,1.0,1.0,1.0,0.0,1.0,0.0,1.0,1.0,2.0,2.0,2.0,2.0,0.0,0.0,2.0,2.0,2.0,1.0,1.0,0.0,0.0,0.0,2.0,1.0,0.0,2.0,1.0,2.0,0.0,0.0,2.0,0.0,2.0,1.0,2.0,1.0,2.0,0.0,1.0,1.0,1.0,1.0,0.0,1.0,0.0,0.0,1.0,0.0,1.0,1.0,1.0,1.0,1.0,1.0,1.0,2.0,1.0,2.0,2.0,2.0,2.0,2.0,2.0,0.0,2.0,0.0,2.0,2.0,0.0,0.0,2.0,2.0,1.0,1.0,0.0,0.0,0.0,0.0,0.0,2.0,0.0,0.0,0.0,1.0,0.0,0.0,0.0,0.0,0.0,0.0,2.0,2.0,1.0,1.0,1.0,2.0,0.0,1.0,1.0,1.0,1.0,1.0,0.0,1.0,1.0,1.0,0.0,2.0,0.0,0.0,2.0,0.0,2.0,0.0,0.0,1.0,2.0,1.0,0.0,2.0,0.0,1.0,0.0,1.0,0.0,2.0,1.0,2.0,1.0,2.0,1.0,1.0,1.0,1.0,1.0,2.0,1.0,1.0,2.0,0.0,0.0,2.0,0.0,0.0,2.0,0.0,1.0,1.0,2.0,0.0,2.0,0.0
80,1.0,0.0,1.0,2.0,1.0,1.0,2.0,0.0,1.0,1.0,1.0,1.0,1.0,1.0,2.0,0.0,1.0,0.0,1.0,2.0,1.0,1.0,1.0,1.0,0.0,0.0,2.0,2.0,1.0,0.0,1.0,0.0,0.0,0.0,1.0,2.0,0.0,2.0,0.0,1.0,0.0,1.0,2.0,0.0,1.0,1.0,1.0,1.0,2.0,0.0,1.0,1.0,1.0,1.0,1.0,1.0,0.0,1.0,2.0,0.0,1.0,0.0,1.0,1.0,1.0,2.0,1.0,1.0,0.0,2.0,2.0,2.0,2.0,1.0,0.0,1.0,0.0,0.0,2.0,2.0,0.0,0.0,2.0,1.0,1.0,1.0,1.0,0.0,1.0,1.0,1.0,2.0,0.0,1.0,1.0,1.0,0.0,0.0,0.0,0.0,0.0,0.0,2.0,2.0,1.0,1.0,2.0,2.0,0.0,2.0,0.0,2.0,2.0,2.0,0.0,0.0,0.0,0.0,0.0,2.0,1.0,1.0,1.0,0.0,2.0,0.0,1.0,0.0,1.0,2.0,1.0,1.0,2.0,1.0,1.0,1.0,0.0,1.0,0.0,2.0,0.0,2.0,1.0,1.0,2.0,0.0,1.0,1.0,1.0,1.0,2.0,1.0,0.0,2.0,0.0,0.0,2.0,0.0,1.0,1.0,2.0,1.0,1.0,0.0
81,0.0,0.0,2.0,2.0,0.0,2.0,2.0,0.0,2.0,2.0,0.0,0.0,1.0,1.0,1.0,0.0,1.0,0.0,1.0,1.0,2.0,2.0,2.0,2.0,1.0,0.0,2.0,1.0,1.0,0.0,2.0,1.0,0.0,0.0,0.0,1.0,0.0,2.0,1.0,1.0,0.0,1.0,1.0,1.0,1.0,1.0,1.0,1.0,1.0,0.0,1.0,1.0,2.0,1.0,1.0,2.0,0.0,0.0,0.0,0.0,2.0,1.0,1.0,2.0,1.0,2.0,1.0,1.0,0.0,0.0,1.0,1.0,1.0,0.0,2.0,2.0,0.0,0.0,2.0,1.0,0.0,0.0,2.0,2.0,0.0,2.0,1.0,0.0,0.0,1.0,0.0,2.0,0.0,0.0,0.0,1.0,0.0,1.0,0.0,0.0,0.0,1.0,2.0,1.0,1.0,0.0,1.0,2.0,0.0,1.0,0.0,2.0,2.0,2.0,1.0,0.0,0.0,0.0,0.0,2.0,0.0,0.0,2.0,1.0,1.0,1.0,1.0,0.0,1.0,2.0,1.0,1.0,2.0,0.0,0.0,0.0,0.0,2.0,0.0,2.0,2.0,2.0,2.0,2.0,2.0,2.0,2.0,2.0,0.0,2.0,1.0,1.0,1.0,1.0,1.0,0.0,2.0,2.0,0.0,2.0,0.0,0.0,1.0,0.0
82,1.0,0.0,1.0,2.0,1.0,1.0,2.0,0.0,1.0,1.0,0.0,0.0,2.0,0.0,2.0,0.0,2.0,0.0,2.0,1.0,2.0,2.0,2.0,2.0,1.0,0.0,2.0,1.0,1.0,1.0,1.0,1.0,0.0,0.0,1.0,0.0,0.0,2.0,2.0,2.0,0.0,1.0,2.0,0.0,2.0,1.0,1.0,1.0,0.0,1.0,2.0,2.0,2.0,1.0,0.0,1.0,0.0,0.0,1.0,0.0,2.0,2.0,0.0,2.0,1.0,2.0,1.0,1.0,0.0,1.0,1.0,1.0,1.0,1.0,1.0,2.0,0.0,0.0,2.0,1.0,0.0,0.0,2.0,2.0,0.0,2.0,1.0,0.0,0.0,1.0,0.0,2.0,0.0,0.0,0.0,1.0,1.0,1.0,1.0,1.0,1.0,2.0,1.0,1.0,1.0,0.0,1.0,2.0,0.0,0.0,1.0,1.0,1.0,1.0,1.0,1.0,1.0,1.0,1.0,1.0,0.0,0.0,2.0,1.0,1.0,1.0,1.0,0.0,1.0,2.0,1.0,1.0,2.0,1.0,2.0,2.0,1.0,1.0,2.0,1.0,1.0,1.0,2.0,2.0,1.0,2.0,2.0,2.0,1.0,1.0,1.0,0.0,0.0,2.0,0.0,0.0,2.0,0.0,2.0,2.0,2.0,1.0,2.0,0.0
83,1.0,0.0,1.0,1.0,0.0,1.0,2.0,0.0,1.0,2.0,0.0,0.0,2.0,0.0,2.0,0.0,2.0,0.0,2.0,2.0,2.0,2.0,2.0,2.0,1.0,0.0,2.0,1.0,1.0,0.0,2.0,0.0,0.0,0.0,0.0,1.0,0.0,2.0,1.0,1.0,0.0,2.0,2.0,0.0,1.0,1.0,1.0,0.0,1.0,0.0,1.0,1.0,2.0,2.0,2.0,2.0,0.0,2.0,2.0,0.0,1.0,0.0,0.0,2.0,1.0,2.0,1.0,1.0,0.0,1.0,1.0,1.0,1.0,1.0,1.0,2.0,0.0,0.0,2.0,1.0,0.0,0.0,2.0,2.0,0.0,2.0,1.0,0.0,0.0,0.0,0.0,2.0,0.0,0.0,0.0,1.0,0.0,2.0,0.0,0.0,0.0,2.0,2.0,2.0,0.0,0.0,0.0,0.0,2.0,0.0,2.0,0.0,0.0,0.0,0.0,2.0,2.0,1.0,0.0,1.0,0.0,0.0,2.0,0.0,2.0,1.0,1.0,0.0,1.0,1.0,1.0,1.0,2.0,2.0,2.0,2.0,1.0,0.0,1.0,1.0,0.0,1.0,2.0,2.0,2.0,1.0,2.0,1.0,2.0,0.0,2.0,0.0,0.0,2.0,0.0,0.0,2.0,0.0,2.0,2.0,2.0,2.0,2.0,0.0
84,0.0,0.0,2.0,2.0,0.0,2.0,2.0,0.0,1.0,2.0,1.0,1.0,2.0,1.0,1.0,1.0,1.0,1.0,2.0,1.0,2.0,2.0,2.0,2.0,0.0,0.0,2.0,2.0,2.0,1.0,2.0,1.0,0.0,0.0,0.0,1.0,0.0,2.0,1.0,1.0,0.0,2.0,2.0,0.0,1.0,1.0,1.0,1.0,1.0,0.0,2.0,2.0,2.0,2.0,1.0,2.0,0.0,1.0,1.0,0.0,2.0,1.0,1.0,2.0,2.0,2.0,0.0,0.0,0.0,2.0,0.0,0.0,0.0,2.0,0.0,2.0,0.0,0.0,2.0,2.0,0.0,0.0,2.0,2.0,1.0,1.0,1.0,1.0,0.0,1.0,0.0,2.0,1.0,0.0,0.0,1.0,0.0,2.0,0.0,0.0,0.0,2.0,2.0,1.0,1.0,0.0,0.0,1.0,1.0,0.0,1.0,1.0,1.0,1.0,1.0,1.0,1.0,1.0,0.0,1.0,0.0,0.0,2.0,1.0,1.0,1.0,1.0,0.0,1.0,2.0,1.0,1.0,2.0,1.0,1.0,1.0,0.0,1.0,0.0,2.0,1.0,2.0,2.0,2.0,2.0,1.0,2.0,1.0,1.0,1.0,1.0,1.0,0.0,2.0,0.0,0.0,2.0,1.0,1.0,1.0,1.0,0.0,2.0,0.0
85,0.0,0.0,2.0,2.0,0.0,2.0,2.0,0.0,2.0,2.0,1.0,1.0,2.0,1.0,1.0,1.0,1.0,1.0,2.0,1.0,2.0,2.0,2.0,2.0,0.0,0.0,2.0,2.0,2.0,1.0,1.0,0.0,0.0,0.0,1.0,1.0,0.0,2.0,1.0,2.0,0.0,1.0,2.0,0.0,2.0,2.0,2.0,1.0,1.0,0.0,0.0,0.0,1.0,1.0,1.0,1.0,0.0,1.0,2.0,0.0,2.0,0.0,2.0,2.0,2.0,1.0,0.0,1.0,1.0,1.0,1.0,1.0,1.0,1.0,2.0,1.0,1.0,0.0,1.0,2.0,0.0,0.0,2.0,2.0,1.0,1.0,1.0,1.0,0.0,0.0,0.0,2.0,1.0,0.0,0.0,1.0,0.0,2.0,0.0,0.0,0.0,2.0,2.0,1.0,1.0,0.0,1.0,2.0,0.0,0.0,1.0,1.0,1.0,1.0,1.0,1.0,1.0,1.0,1.0,1.0,0.0,0.0,2.0,1.0,1.0,2.0,2.0,0.0,0.0,2.0,1.0,1.0,2.0,1.0,0.0,1.0,0.0,2.0,1.0,2.0,2.0,2.0,2.0,2.0,2.0,1.0,1.0,2.0,1.0,1.0,1.0,1.0,0.0,1.0,1.0,1.0,1.0,1.0,1.0,2.0,1.0,1.0,1.0,0.0
86,0.0,0.0,2.0,2.0,0.0,2.0,2.0,0.0,2.0,2.0,0.0,0.0,2.0,0.0,2.0,0.0,2.0,0.0,2.0,2.0,2.0,2.0,2.0,2.0,0.0,0.0,2.0,2.0,2.0,1.0,1.0,1.0,0.0,0.0,1.0,0.0,0.0,2.0,2.0,2.0,0.0,1.0,2.0,0.0,2.0,2.0,2.0,1.0,0.0,0.0,1.0,1.0,2.0,2.0,1.0,2.0,0.0,0.0,0.0,0.0,2.0,1.0,1.0,2.0,2.0,1.0,0.0,1.0,1.0,2.0,1.0,1.0,1.0,2.0,1.0,1.0,1.0,0.0,2.0,2.0,0.0,0.0,2.0,2.0,0.0,2.0,0.0,0.0,0.0,0.0,0.0,2.0,0.0,0.0,0.0,1.0,0.0,2.0,0.0,0.0,0.0,2.0,2.0,2.0,0.0,0.0,1.0,1.0,1.0,0.0,2.0,0.0,0.0,0.0,0.0,2.0,2.0,2.0,1.0,0.0,0.0,0.0,2.0,0.0,2.0,2.0,2.0,0.0,0.0,2.0,1.0,1.0,2.0,2.0,1.0,2.0,1.0,1.0,2.0,1.0,1.0,1.0,2.0,2.0,2.0,1.0,1.0,2.0,2.0,0.0,2.0,0.0,0.0,2.0,0.0,0.0,2.0,0.0,2.0,2.0,2.0,2.0,2.0,0.0
87,1.0,0.0,1.0,1.0,0.0,1.0,2.0,0.0,1.0,2.0,0.0,0.0,2.0,0.0,2.0,1.0,1.0,1.0,2.0,0.0,0.0,0.0,0.0,0.0,0.0,0.0,2.0,2.0,2.0,0.0,1.0,0.0,0.0,1.0,2.0,1.0,0.0,2.0,1.0,1.0,0.0,2.0,2.0,0.0,1.0,1.0,1.0,1.0,2.0,0.0,1.0,1.0,1.0,1.0,1.0,1.0,0.0,1.0,2.0,0.0,1.0,1.0,2.0,2.0,2.0,1.0,0.0,1.0,1.0,1.0,2.0,2.0,2.0,1.0,2.0,1.0,2.0,0.0,2.0,2.0,0.0,0.0,2.0,1.0,0.0,2.0,1.0,0.0,1.0,1.0,1.0,1.0,1.0,0.0,0.0,1.0,0.0,1.0,0.0,0.0,0.0,1.0,2.0,2.0,2.0,0.0,1.0,2.0,0.0,2.0,0.0,2.0,2.0,2.0,0.0,0.0,0.0,0.0,0.0,2.0,0.0,0.0,2.0,0.0,2.0,1.0,1.0,1.0,1.0,1.0,1.0,1.0,1.0,1.0,1.0,1.0,0.0,1.0,0.0,2.0,0.0,2.0,1.0,1.0,2.0,0.0,1.0,1.0,1.0,1.0,2.0,1.0,0.0,2.0,0.0,0.0,2.0,0.0,1.0,2.0,1.0,1.0,1.0,0.0
88,1.0,0.0,1.0,2.0,1.0,1.0,2.0,0.0,1.0,1.0,0.0,0.0,2.0,0.0,2.0,0.0,2.0,0.0,2.0,0.0,2.0,2.0,2.0,2.0,0.0,0.0,2.0,2.0,2.0,2.0,1.0,0.0,0.0,0.0,2.0,0.0,0.0,2.0,2.0,1.0,0.0,1.0,2.0,0.0,1.0,1.0,1.0,0.0,1.0,0.0,1.0,1.0,2.0,2.0,2.0,2.0,0.0,1.0,1.0,0.0,0.0,0.0,1.0,2.0,2.0,2.0,0.0,0.0,0.0,2.0,1.0,1.0,1.0,1.0,1.0,2.0,2.0,0.0,2.0,2.0,0.0,0.0,2.0,0.0,0.0,2.0,2.0,0.0,2.0,2.0,2.0,0.0,2.0,0.0,0.0,2.0,0.0,0.0,0.0,0.0,0.0,0.0,2.0,2.0,2.0,0.0,2.0,2.0,0.0,0.0,2.0,0.0,0.0,0.0,0.0,2.0,2.0,2.0,0.0,1.0,0.0,0.0,2.0,0.0,2.0,1.0,1.0,0.0,1.0,2.0,1.0,1.0,2.0,2.0,1.0,2.0,0.0,1.0,1.0,2.0,1.0,2.0,2.0,2.0,2.0,1.0,1.0,2.0,2.0,0.0,2.0,0.0,0.0,2.0,0.0,0.0,2.0,0.0,2.0,2.0,2.0,1.0,2.0,0.0
89,0.0,0.0,2.0,2.0,0.0,2.0,2.0,0.0,2.0,2.0,0.0,0.0,2.0,0.0,2.0,1.0,1.0,1.0,2.0,1.0,1.0,1.0,1.0,1.0,0.0,0.0,2.0,2.0,2.0,0.0,1.0,0.0,0.0,0.0,1.0,2.0,0.0,2.0,0.0,0.0,0.0,1.0,1.0,1.0,0.0,0.0,0.0,0.0,2.0,0.0,1.0,1.0,2.0,1.0,1.0,2.0,0.0,1.0,1.0,0.0,1.0,1.0,1.0,2.0,1.0,2.0,0.0,0.0,0.0,1.0,1.0,1.0,1.0,2.0,1.0,1.0,2.0,0.0,2.0,2.0,0.0,0.0,2.0,1.0,0.0,2.0,1.0,0.0,1.0,1.0,1.0,1.0,1.0,0.0,0.0,1.0,0.0,0.0,0.0,0.0,0.0,0.0,2.0,2.0,2.0,0.0,2.0,2.0,0.0,1.0,1.0,1.0,1.0,1.0,0.0,1.0,1.0,1.0,0.0,2.0,0.0,0.0,2.0,0.0,2.0,1.0,1.0,0.0,1.0,2.0,1.0,1.0,1.0,1.0,1.0,1.0,0.0,1.0,0.0,2.0,0.0,2.0,1.0,1.0,2.0,0.0,1.0,1.0,1.0,1.0,2.0,1.0,0.0,2.0,0.0,0.0,2.0,0.0,1.0,1.0,2.0,1.0,1.0,0.0
90,0.0,0.0,2.0,2.0,0.0,2.0,2.0,0.0,2.0,2.0,0.0,0.0,2.0,0.0,2.0,1.0,1.0,1.0,2.0,0.0,0.0,0.0,0.0,0.0,0.0,0.0,2.0,2.0,2.0,0.0,2.0,0.0,0.0,0.0,1.0,1.0,0.0,2.0,1.0,1.0,0.0,0.0,1.0,1.0,1.0,0.0,1.0,0.0,2.0,0.0,1.0,1.0,2.0,1.0,0.0,2.0,0.0,0.0,0.0,0.0,1.0,2.0,0.0,1.0,1.0,2.0,1.0,1.0,0.0,2.0,1.0,1.0,1.0,2.0,1.0,1.0,2.0,0.0,2.0,2.0,0.0,0.0,2.0,1.0,1.0,1.0,2.0,1.0,1.0,1.0,1.0,1.0,1.0,0.0,0.0,2.0,0.0,1.0,0.0,0.0,0.0,1.0,2.0,2.0,1.0,0.0,2.0,2.0,0.0,0.0,2.0,0.0,0.0,0.0,0.0,2.0,2.0,2.0,1.0,1.0,0.0,0.0,2.0,0.0,2.0,1.0,1.0,0.0,1.0,2.0,2.0,0.0,2.0,2.0,2.0,2.0,2.0,0.0,2.0,0.0,0.0,0.0,2.0,2.0,2.0,2.0,2.0,2.0,1.0,1.0,1.0,0.0,0.0,1.0,1.0,1.0,1.0,0.0,2.0,2.0,2.0,1.0,1.0,0.0
91,0.0,0.0,2.0,2.0,0.0,2.0,2.0,0.0,2.0,2.0,0.0,0.0,2.0,0.0,2.0,0.0,2.0,0.0,2.0,2.0,2.0,2.0,2.0,2.0,2.0,0.0,2.0,0.0,0.0,0.0,2.0,0.0,0.0,0.0,0.0,2.0,0.0,2.0,0.0,0.0,0.0,1.0,1.0,1.0,0.0,0.0,0.0,0.0,2.0,0.0,1.0,1.0,2.0,1.0,2.0,2.0,0.0,1.0,1.0,0.0,1.0,0.0,2.0,2.0,2.0,2.0,0.0,0.0,0.0,2.0,1.0,1.0,1.0,1.0,1.0,2.0,1.0,0.0,2.0,2.0,0.0,0.0,2.0,1.0,0.0,2.0,1.0,0.0,1.0,1.0,1.0,1.0,1.0,0.0,0.0,2.0,0.0,2.0,0.0,0.0,0.0,2.0,2.0,1.0,1.0,0.0,0.0,1.0,1.0,0.0,1.0,1.0,1.0,1.0,1.0,1.0,1.0,1.0,0.0,1.0,0.0,0.0,2.0,1.0,1.0,1.0,1.0,0.0,1.0,2.0,2.0,0.0,2.0,1.0,2.0,2.0,1.0,1.0,2.0,1.0,1.0,1.0,2.0,2.0,1.0,2.0,2.0,2.0,1.0,1.0,1.0,0.0,0.0,2.0,0.0,0.0,2.0,0.0,2.0,2.0,2.0,1.0,2.0,0.0
92,1.0,0.0,1.0,1.0,0.0,2.0,1.0,1.0,1.0,2.0,0.0,0.0,2.0,0.0,2.0,0.0,2.0,0.0,2.0,1.0,2.0,2.0,2.0,2.0,1.0,0.0,2.0,1.0,1.0,1.0,2.0,0.0,0.0,1.0,1.0,1.0,0.0,2.0,1.0,1.0,0.0,2.0,2.0,0.0,1.0,1.0,1.0,0.0,2.0,0.0,1.0,1.0,2.0,1.0,2.0,2.0,0.0,1.0,1.0,0.0,1.0,0.0,1.0,2.0,2.0,2.0,0.0,0.0,0.0,2.0,1.0,1.0,1.0,1.0,1.0,2.0,1.0,0.0,2.0,2.0,0.0,0.0,2.0,1.0,0.0,2.0,1.0,0.0,1.0,1.0,1.0,1.0,1.0,0.0,0.0,2.0,1.0,1.0,1.0,1.0,1.0,2.0,1.0,2.0,0.0,0.0,1.0,1.0,1.0,0.0,2.0,0.0,0.0,0.0,0.0,1.0,1.0,1.0,1.0,1.0,0.0,0.0,2.0,0.0,2.0,1.0,1.0,0.0,1.0,1.0,2.0,0.0,2.0,2.0,2.0,2.0,2.0,0.0,2.0,0.0,0.0,0.0,2.0,2.0,2.0,2.0,2.0,2.0,1.0,1.0,1.0,0.0,0.0,1.0,1.0,1.0,1.0,0.0,2.0,2.0,2.0,2.0,1.0,0.0
93,1.0,0.0,1.0,2.0,1.0,1.0,2.0,0.0,1.0,1.0,0.0,0.0,1.0,1.0,1.0,0.0,1.0,0.0,1.0,0.0,2.0,2.0,2.0,2.0,0.0,0.0,2.0,2.0,2.0,1.0,2.0,0.0,0.0,1.0,1.0,1.0,0.0,2.0,1.0,1.0,0.0,1.0,1.0,1.0,1.0,1.0,1.0,0.0,2.0,0.0,0.0,0.0,2.0,1.0,2.0,2.0,0.0,1.0,1.0,0.0,1.0,0.0,1.0,2.0,2.0,2.0,0.0,0.0,0.0,1.0,1.0,1.0,1.0,1.0,1.0,2.0,1.0,0.0,2.0,2.0,0.0,0.0,2.0,1.0,0.0,2.0,1.0,0.0,1.0,1.0,1.0,1.0,1.0,0.0,0.0,1.0,1.0,1.0,1.0,1.0,1.0,2.0,1.0,2.0,0.0,0.0,1.0,1.0,1.0,0.0,2.0,0.0,0.0,0.0,0.0,2.0,2.0,2.0,1.0,0.0,0.0,0.0,2.0,0.0,2.0,2.0,2.0,0.0,0.0,2.0,1.0,1.0,1.0,1.0,1.0,1.0,1.0,1.0,1.0,1.0,0.0,1.0,1.0,1.0,2.0,1.0,1.0,2.0,0.0,2.0,1.0,1.0,0.0,1.0,1.0,1.0,1.0,0.0,1.0,2.0,2.0,1.0,1.0,0.0
94,1.0,0.0,1.0,2.0,1.0,1.0,2.0,0.0,1.0,1.0,0.0,0.0,1.0,1.0,1.0,0.0,1.0,0.0,1.0,0.0,2.0,2.0,2.0,2.0,0.0,0.0,2.0,2.0,2.0,1.0,2.0,0.0,0.0,1.0,1.0,1.0,0.0,2.0,1.0,1.0,0.0,1.0,1.0,1.0,1.0,1.0,1.0,0.0,2.0,0.0,0.0,0.0,2.0,1.0,2.0,2.0,0.0,1.0,1.0,0.0,1.0,1.0,1.0,2.0,2.0,2.0,0.0,0.0,0.0,2.0,1.0,1.0,1.0,1.0,1.0,2.0,1.0,0.0,2.0,2.0,0.0,0.0,2.0,1.0,0.0,2.0,1.0,0.0,1.0,1.0,1.0,1.0,1.0,0.0,0.0,1.0,2.0,0.0,2.0,2.0,2.0,2.0,0.0,2.0,0.0,0.0,2.0,2.0,0.0,0.0,2.0,0.0,0.0,0.0,0.0,2.0,2.0,2.0,2.0,0.0,0.0,0.0,2.0,0.0,2.0,2.0,2.0,0.0,0.0,2.0,0.0,2.0,2.0,1.0,2.0,2.0,0.0,1.0,1.0,2.0,1.0,2.0,2.0,2.0,1.0,1.0,2.0,1.0,1.0,1.0,1.0,0.0,0.0,2.0,0.0,0.0,2.0,0.0,2.0,1.0,2.0,0.0,2.0,0.0
95,1.0,0.0,1.0,1.0,0.0,1.0,2.0,0.0,1.0,2.0,0.0,0.0,2.0,0.0,2.0,1.0,1.0,1.0,2.0,0.0,0.0,0.0,0.0,0.0,0.0,0.0,2.0,2.0,2.0,0.0,1.0,0.0,0.0,0.0,2.0,1.0,0.0,2.0,1.0,1.0,0.0,1.0,2.0,0.0,1.0,0.0,1.0,0.0,2.0,0.0,2.0,2.0,2.0,2.0,1.0,2.0,0.0,1.0,1.0,0.0,1.0,2.0,1.0,1.0,1.0,1.0,1.0,2.0,1.0,2.0,2.0,2.0,2.0,2.0,2.0,0.0,2.0,0.0,2.0,2.0,0.0,0.0,2.0,2.0,1.0,1.0,1.0,1.0,0.0,0.0,0.0,2.0,0.0,0.0,0.0,1.0,0.0,0.0,0.0,0.0,0.0,0.0,2.0,2.0,2.0,0.0,2.0,2.0,0.0,1.0,1.0,1.0,1.0,1.0,0.0,1.0,1.0,1.0,0.0,2.0,0.0,0.0,2.0,0.0,2.0,0.0,0.0,1.0,2.0,1.0,2.0,0.0,2.0,2.0,2.0,2.0,1.0,0.0,1.0,1.0,0.0,1.0,2.0,2.0,2.0,1.0,2.0,1.0,1.0,1.0,1.0,0.0,0.0,1.0,1.0,1.0,1.0,0.0,2.0,2.0,2.0,2.0,0.0,0.0
96,1.0,0.0,1.0,1.0,0.0,1.0,2.0,0.0,1.0,2.0,0.0,0.0,2.0,0.0,2.0,0.0,2.0,0.0,2.0,0.0,0.0,0.0,0.0,0.0,0.0,0.0,2.0,2.0,2.0,0.0,2.0,0.0,0.0,1.0,2.0,0.0,0.0,2.0,2.0,2.0,0.0,1.0,2.0,0.0,2.0,1.0,2.0,1.0,2.0,0.0,1.0,1.0,1.0,1.0,0.0,1.0,0.0,0.0,1.0,0.0,1.0,2.0,1.0,1.0,1.0,2.0,1.0,1.0,0.0,1.0,2.0,2.0,2.0,1.0,2.0,1.0,2.0,0.0,2.0,2.0,0.0,0.0,2.0,1.0,1.0,1.0,2.0,1.0,1.0,1.0,1.0,1.0,1.0,0.0,0.0,2.0,0.0,2.0,0.0,0.0,0.0,2.0,2.0,2.0,1.0,0.0,1.0,2.0,0.0,1.0,1.0,1.0,1.0,1.0,0.0,1.0,1.0,1.0,1.0,1.0,0.0,0.0,2.0,0.0,2.0,1.0,1.0,1.0,1.0,1.0,2.0,0.0,2.0,2.0,2.0,2.0,1.0,0.0,1.0,1.0,0.0,1.0,2.0,2.0,2.0,1.0,2.0,1.0,1.0,1.0,1.0,0.0,0.0,1.0,1.0,1.0,1.0,0.0,2.0,2.0,2.0,2.0,0.0,0.0
97,0.0,0.0,2.0,2.0,0.0,2.0,2.0,0.0,2.0,2.0,0.0,0.0,2.0,0.0,2.0,0.0,2.0,0.0,2.0,1.0,1.0,1.0,1.0,1.0,1.0,0.0,2.0,1.0,1.0,0.0,2.0,0.0,0.0,0.0,0.0,2.0,0.0,2.0,0.0,0.0,0.0,1.0,1.0,1.0,0.0,0.0,0.0,0.0,2.0,0.0,1.0,1.0,2.0,1.0,1.0,2.0,0.0,1.0,1.0,0.0,1.0,1.0,0.0,1.0,0.0,2.0,2.0,2.0,0.0,1.0,2.0,2.0,2.0,1.0,2.0,1.0,1.0,0.0,2.0,1.0,0.0,0.0,2.0,2.0,1.0,1.0,2.0,1.0,0.0,0.0,0.0,2.0,0.0,0.0,0.0,1.0,0.0,1.0,0.0,0.0,0.0,1.0,2.0,2.0,1.0,0.0,1.0,1.0,1.0,0.0,2.0,0.0,0.0,0.0,0.0,2.0,2.0,2.0,0.0,1.0,0.0,0.0,2.0,0.0,2.0,1.0,1.0,0.0,1.0,2.0,2.0,0.0,2.0,2.0,2.0,2.0,2.0,0.0,2.0,0.0,0.0,0.0,2.0,2.0,2.0,2.0,2.0,2.0,1.0,1.0,1.0,0.0,0.0,1.0,1.0,1.0,1.0,0.0,2.0,2.0,2.0,2.0,1.0,0.0
98,1.0,0.0,1.0,1.0,0.0,1.0,2.0,0.0,1.0,2.0,0.0,0.0,2.0,0.0,2.0,1.0,1.0,1.0,2.0,1.0,1.0,1.0,1.0,1.0,0.0,0.0,2.0,2.0,2.0,0.0,2.0,0.0,0.0,0.0,1.0,1.0,0.0,2.0,1.0,1.0,0.0,1.0,2.0,0.0,1.0,0.0,1.0,0.0,2.0,0.0,2.0,2.0,2.0,2.0,1.0,2.0,0.0,1.0,1.0,0.0,0.0,1.0,0.0,2.0,1.0,2.0,1.0,1.0,0.0,1.0,1.0,1.0,1.0,1.0,2.0,1.0,1.0,0.0,2.0,1.0,0.0,0.0,2.0,1.0,0.0,2.0,2.0,0.0,1.0,1.0,1.0,1.0,1.0,0.0,0.0,1.0,0.0,1.0,0.0,0.0,0.0,1.0,2.0,2.0,1.0,0.0,1.0,1.0,1.0,0.0,2.0,0.0,0.0,0.0,0.0,2.0,2.0,1.0,0.0,2.0,0.0,0.0,2.0,0.0,2.0,0.0,0.0,0.0,2.0,1.0,1.0,1.0,2.0,2.0,2.0,2.0,1.0,0.0,1.0,1.0,0.0,1.0,2.0,2.0,2.0,1.0,2.0,1.0,1.0,1.0,1.0,0.0,0.0,1.0,1.0,1.0,1.0,0.0,2.0,2.0,2.0,2.0,1.0,0.0
99,0.0,0.0,2.0,2.0,0.0,2.0,2.0,0.0,2.0,2.0,0.0,0.0,2.0,0.0,2.0,0.0,2.0,0.0,2.0,1.0,1.0,1.0,1.0,1.0,1.0,0.0,2.0,1.0,1.0,0.0,2.0,0.0,0.0,0.0,1.0,1.0,0.0,2.0,1.0,1.0,0.0,1.0,2.0,0.0,1.0,0.0,1.0,0.0,2.0,0.0,2.0,2.0,2.0,2.0,1.0,2.0,0.0,1.0,1.0,0.0,0.0,1.0,1.0,2.0,2.0,2.0,0.0,0.0,0.0,2.0,1.0,1.0,1.0,1.0,1.0,2.0,2.0,0.0,2.0,2.0,0.0,0.0,2.0,0.0,0.0,2.0,2.0,0.0,2.0,2.0,2.0,0.0,2.0,0.0,0.0,2.0,0.0,1.0,0.0,0.0,0.0,1.0,2.0,2.0,1.0,0.0,1.0,1.0,1.0,0.0,2.0,0.0,0.0,0.0,0.0,1.0,1.0,1.0,0.0,2.0,0.0,0.0,2.0,0.0,2.0,0.0,0.0,0.0,2.0,1.0,2.0,0.0,2.0,2.0,2.0,2.0,2.0,0.0,2.0,0.0,0.0,0.0,2.0,2.0,2.0,2.0,2.0,2.0,2.0,0.0,2.0,0.0,0.0,2.0,0.0,0.0,2.0,0.0,2.0,2.0,2.0,1.0,1.0,0.0
100,0.0,0.0,2.0,2.0,0.0,2.0,2.0,0.0,2.0,2.0,0.0,0.0,2.0,0.0,2.0,0.0,2.0,0.0,2.0,1.0,1.0,1.0,1.0,1.0,1.0,0.0,2.0,2.0,2.0,1.0,2.0,0.0,0.0,0.0,0.0,2.0,0.0,2.0,0.0,0.0,0.0,1.0,1.0,1.0,0.0,0.0,0.0,0.0,2.0,0.0,2.0,2.0,2.0,2.0,1.0,2.0,0.0,1.0,1.0,0.0,0.0,1.0,1.0,1.0,1.0,2.0,1.0,1.0,0.0,2.0,2.0,2.0,2.0,1.0,2.0,1.0,2.0,0.0,2.0,2.0,0.0,0.0,2.0,1.0,1.0,1.0,2.0,1.0,1.0,1.0,1.0,1.0,1.0,0.0,0.0,2.0,0.0,1.0,0.0,0.0,0.0,1.0,2.0,2.0,1.0,0.0,1.0,1.0,1.0,0.0,2.0,0.0,0.0,0.0,0.0,1.0,1.0,1.0,0.0,2.0,0.0,0.0,2.0,0.0,2.0,0.0,0.0,0.0,2.0,1.0,2.0,0.0,2.0,2.0,2.0,2.0,2.0,0.0,2.0,0.0,0.0,0.0,2.0,2.0,2.0,2.0,2.0,2.0,1.0,1.0,1.0,0.0,0.0,1.0,1.0,1.0,1.0,0.0,2.0,2.0,2.0,2.0,1.0,0.0
101,0.0,0.0,2.0,2.0,0.0,2.0,2.0,0.0,2.0,2.0,0.0,0.0,1.0,1.0,1.0,1.0,0.0,1.0,1.0,0.0,1.0,1.0,1.0,1.0,0.0,0.0,2.0,2.0,2.0,0.0,2.0,0.0,0.0,0.0,0.0,2.0,0.0,2.0,0.0,0.0,0.0,0.0,0.0,2.0,0.0,0.0,0.0,0.0,2.0,0.0,0.0,0.0,2.0,1.0,1.0,2.0,0.0,1.0,1.0,0.0,1.0,1.0,2.0,2.0,1.0,2.0,0.0,0.0,0.0,1.0,2.0,2.0,2.0,1.0,2.0,1.0,2.0,0.0,2.0,2.0,0.0,0.0,2.0,1.0,0.0,2.0,1.0,0.0,1.0,1.0,1.0,1.0,1.0,0.0,0.0,1.0,1.0,0.0,1.0,1.0,1.0,1.0,1.0,2.0,1.0,0.0,2.0,2.0,0.0,0.0,2.0,0.0,0.0,0.0,0.0,2.0,2.0,2.0,1.0,1.0,0.0,0.0,2.0,0.0,2.0,1.0,1.0,0.0,1.0,2.0,1.0,1.0,2.0,2.0,2.0,2.0,0.0,0.0,0.0,2.0,0.0,2.0,2.0,2.0,2.0,0.0,2.0,0.0,2.0,0.0,2.0,0.0,0.0,2.0,0.0,0.0,2.0,0.0,2.0,1.0,2.0,1.0,1.0,0.0
102,1.0,0.0,1.0,2.0,1.0,1.0,2.0,0.0,1.0,1.0,0.0,0.0,2.0,0.0,2.0,1.0,1.0,1.0,2.0,0.0,1.0,1.0,1.0,1.0,0.0,0.0,2.0,2.0,2.0,1.0,2.0,0.0,0.0,0.0,0.0,2.0,0.0,2.0,0.0,0.0,0.0,0.0,0.0,2.0,0.0,0.0,0.0,0.0,2.0,0.0,0.0,0.0,2.0,1.0,1.0,2.0,0.0,1.0,1.0,0.0,0.0,0.0,1.0,2.0,1.0,2.0,0.0,0.0,0.0,1.0,1.0,1.0,1.0,2.0,1.0,1.0,1.0,0.0,2.0,2.0,0.0,0.0,2.0,2.0,0.0,2.0,0.0,0.0,0.0,0.0,0.0,2.0,0.0,0.0,0.0,0.0,1.0,0.0,1.0,1.0,1.0,1.0,1.0,2.0,1.0,0.0,2.0,2.0,0.0,0.0,2.0,0.0,0.0,0.0,0.0,2.0,2.0,2.0,1.0,1.0,0.0,0.0,2.0,0.0,2.0,1.0,1.0,0.0,1.0,2.0,1.0,1.0,1.0,1.0,1.0,1.0,0.0,1.0,0.0,2.0,0.0,2.0,1.0,1.0,2.0,0.0,1.0,1.0,1.0,1.0,2.0,1.0,0.0,2.0,0.0,0.0,2.0,0.0,1.0,0.0,2.0,0.0,2.0,0.0
103,0.0,0.0,2.0,2.0,0.0,2.0,2.0,0.0,2.0,2.0,0.0,0.0,2.0,0.0,2.0,0.0,2.0,0.0,2.0,2.0,2.0,2.0,2.0,2.0,0.0,0.0,2.0,2.0,2.0,0.0,1.0,1.0,0.0,0.0,1.0,1.0,0.0,2.0,1.0,1.0,0.0,2.0,2.0,0.0,1.0,1.0,1.0,1.0,1.0,0.0,2.0,2.0,2.0,2.0,1.0,2.0,0.0,1.0,1.0,0.0,1.0,1.0,0.0,2.0,2.0,2.0,0.0,0.0,0.0,2.0,0.0,0.0,0.0,2.0,0.0,2.0,1.0,0.0,2.0,2.0,0.0,0.0,2.0,1.0,0.0,2.0,1.0,0.0,1.0,1.0,1.0,1.0,1.0,0.0,0.0,2.0,0.0,1.0,0.0,0.0,0.0,1.0,2.0,2.0,1.0,0.0,1.0,1.0,1.0,1.0,1.0,1.0,1.0,1.0,0.0,1.0,1.0,1.0,0.0,1.0,0.0,0.0,2.0,0.0,2.0,2.0,2.0,0.0,0.0,2.0,2.0,0.0,1.0,1.0,1.0,1.0,1.0,1.0,1.0,1.0,0.0,1.0,1.0,1.0,2.0,1.0,1.0,2.0,1.0,1.0,2.0,1.0,0.0,2.0,0.0,0.0,2.0,0.0,1.0,1.0,2.0,1.0,2.0,0.0
104,0.0,0.0,2.0,2.0,0.0,2.0,2.0,0.0,2.0,2.0,0.0,0.0,2.0,0.0,2.0,1.0,1.0,1.0,2.0,1.0,1.0,1.0,1.0,1.0,0.0,0.0,2.0,2.0,2.0,1.0,1.0,0.0,0.0,0.0,1.0,1.0,0.0,2.0,1.0,1.0,0.0,0.0,1.0,1.0,1.0,1.0,1.0,0.0,1.0,0.0,0.0,0.0,2.0,1.0,1.0,2.0,0.0,0.0,0.0,0.0,2.0,1.0,2.0,2.0,1.0,1.0,0.0,1.0,1.0,1.0,2.0,2.0,2.0,2.0,2.0,0.0,2.0,0.0,2.0,2.0,0.0,0.0,2.0,2.0,0.0,2.0,0.0,0.0,0.0,0.0,0.0,2.0,0.0,0.0,0.0,0.0,0.0,1.0,0.0,0.0,0.0,1.0,2.0,2.0,1.0,0.0,2.0,2.0,0.0,1.0,1.0,1.0,1.0,1.0,0.0,1.0,1.0,1.0,1.0,1.0,0.0,0.0,2.0,0.0,2.0,2.0,2.0,0.0,0.0,2.0,2.0,0.0,2.0,2.0,2.0,2.0,1.0,0.0,1.0,1.0,0.0,1.0,2.0,2.0,2.0,1.0,2.0,1.0,2.0,0.0,2.0,0.0,0.0,2.0,0.0,0.0,2.0,0.0,2.0,2.0,2.0,2.0,1.0,0.0
105,1.0,0.0,1.0,2.0,1.0,1.0,2.0,0.0,1.0,1.0,1.0,1.0,1.0,1.0,2.0,1.0,0.0,1.0,1.0,1.0,0.0,0.0,0.0,0.0,0.0,0.0,2.0,2.0,1.0,0.0,1.0,0.0,0.0,0.0,2.0,1.0,0.0,2.0,1.0,1.0,0.0,1.0,2.0,0.0,1.0,0.0,1.0,0.0,2.0,0.0,2.0,2.0,2.0,2.0,1.0,2.0,0.0,1.0,1.0,0.0,1.0,0.0,2.0,2.0,1.0,1.0,0.0,1.0,1.0,1.0,2.0,2.0,2.0,2.0,2.0,0.0,2.0,0.0,2.0,2.0,0.0,0.0,2.0,2.0,0.0,2.0,0.0,0.0,0.0,0.0,0.0,2.0,0.0,0.0,0.0,0.0,0.0,1.0,0.0,0.0,0.0,1.0,2.0,2.0,2.0,0.0,2.0,2.0,0.0,1.0,1.0,1.0,1.0,1.0,0.0,1.0,1.0,1.0,0.0,2.0,0.0,0.0,2.0,0.0,2.0,1.0,1.0,0.0,1.0,2.0,2.0,0.0,2.0,2.0,2.0,2.0,1.0,0.0,1.0,1.0,0.0,1.0,2.0,2.0,2.0,1.0,2.0,1.0,1.0,1.0,1.0,1.0,0.0,1.0,1.0,1.0,1.0,0.0,2.0,2.0,2.0,2.0,0.0,0.0
106,1.0,0.0,1.0,2.0,1.0,1.0,2.0,0.0,1.0,1.0,1.0,1.0,1.0,1.0,2.0,0.0,1.0,0.0,1.0,2.0,1.0,1.0,1.0,1.0,0.0,0.0,2.0,2.0,1.0,0.0,1.0,0.0,0.0,0.0,2.0,1.0,0.0,2.0,1.0,1.0,0.0,1.0,2.0,0.0,1.0,0.0,1.0,0.0,2.0,0.0,2.0,2.0,2.0,2.0,1.0,2.0,0.0,1.0,1.0,0.0,1.0,0.0,1.0,2.0,1.0,2.0,0.0,1.0,1.0,2.0,1.0,1.0,1.0,1.0,1.0,2.0,2.0,0.0,2.0,2.0,0.0,0.0,2.0,1.0,1.0,1.0,2.0,1.0,1.0,1.0,1.0,1.0,1.0,0.0,0.0,2.0,0.0,0.0,0.0,0.0,0.0,0.0,2.0,2.0,2.0,0.0,2.0,2.0,0.0,2.0,0.0,2.0,2.0,2.0,0.0,0.0,0.0,0.0,0.0,2.0,0.0,0.0,2.0,0.0,2.0,2.0,2.0,0.0,0.0,2.0,2.0,0.0,2.0,2.0,2.0,2.0,0.0,0.0,0.0,2.0,0.0,2.0,2.0,2.0,2.0,0.0,2.0,0.0,2.0,0.0,2.0,0.0,0.0,2.0,0.0,0.0,2.0,0.0,2.0,2.0,2.0,2.0,0.0,0.0
107,0.0,0.0,2.0,2.0,0.0,2.0,2.0,0.0,2.0,2.0,1.0,1.0,2.0,1.0,1.0,1.0,1.0,1.0,2.0,1.0,2.0,2.0,2.0,2.0,1.0,0.0,2.0,1.0,1.0,1.0,2.0,1.0,0.0,0.0,0.0,0.0,0.0,2.0,2.0,2.0,0.0,2.0,2.0,0.0,2.0,1.0,1.0,0.0,0.0,1.0,1.0,1.0,2.0,1.0,1.0,2.0,0.0,1.0,1.0,0.0,2.0,1.0,1.0,2.0,1.0,2.0,1.0,1.0,0.0,0.0,1.0,1.0,1.0,0.0,2.0,2.0,0.0,0.0,1.0,1.0,0.0,0.0,2.0,2.0,1.0,1.0,2.0,1.0,0.0,1.0,0.0,2.0,1.0,0.0,0.0,1.0,0.0,2.0,0.0,0.0,0.0,2.0,2.0,1.0,1.0,0.0,1.0,2.0,0.0,0.0,1.0,1.0,1.0,1.0,1.0,1.0,1.0,1.0,1.0,1.0,0.0,0.0,2.0,1.0,1.0,1.0,1.0,0.0,1.0,2.0,2.0,0.0,2.0,0.0,1.0,1.0,0.0,2.0,1.0,2.0,2.0,2.0,2.0,2.0,1.0,2.0,2.0,2.0,0.0,2.0,0.0,1.0,0.0,2.0,0.0,0.0,2.0,1.0,1.0,2.0,1.0,0.0,2.0,0.0
108,1.0,0.0,1.0,2.0,1.0,1.0,2.0,0.0,1.0,1.0,0.0,0.0,2.0,0.0,2.0,0.0,2.0,0.0,2.0,1.0,2.0,2.0,2.0,2.0,0.0,0.0,2.0,2.0,2.0,1.0,1.0,0.0,0.0,0.0,1.0,0.0,0.0,2.0,2.0,2.0,0.0,1.0,2.0,0.0,2.0,1.0,1.0,0.0,0.0,1.0,1.0,1.0,2.0,1.0,1.0,2.0,0.0,1.0,1.0,0.0,2.0,1.0,1.0,2.0,1.0,1.0,1.0,2.0,1.0,1.0,2.0,2.0,2.0,1.0,2.0,1.0,1.0,0.0,2.0,1.0,0.0,0.0,2.0,2.0,0.0,2.0,1.0,0.0,0.0,1.0,0.0,2.0,0.0,0.0,0.0,0.0,0.0,2.0,0.0,0.0,0.0,2.0,2.0,1.0,1.0,0.0,1.0,2.0,0.0,0.0,1.0,1.0,1.0,1.0,1.0,1.0,1.0,1.0,1.0,1.0,0.0,0.0,2.0,1.0,1.0,1.0,1.0,0.0,1.0,2.0,0.0,1.0,2.0,2.0,1.0,2.0,1.0,1.0,2.0,1.0,1.0,1.0,2.0,2.0,2.0,1.0,1.0,2.0,2.0,0.0,2.0,0.0,0.0,1.0,1.0,1.0,1.0,0.0,2.0,2.0,2.0,2.0,1.0,0.0
109,2.0,0.0,0.0,1.0,1.0,0.0,2.0,0.0,0.0,1.0,0.0,0.0,2.0,0.0,2.0,0.0,2.0,0.0,2.0,1.0,2.0,2.0,2.0,2.0,0.0,0.0,2.0,2.0,2.0,2.0,1.0,0.0,0.0,0.0,2.0,0.0,0.0,2.0,2.0,2.0,0.0,0.0,2.0,0.0,2.0,0.0,1.0,0.0,1.0,1.0,2.0,2.0,2.0,1.0,0.0,1.0,0.0,0.0,1.0,0.0,1.0,2.0,1.0,2.0,2.0,1.0,0.0,1.0,1.0,2.0,1.0,1.0,1.0,2.0,1.0,1.0,1.0,0.0,2.0,1.0,0.0,0.0,2.0,2.0,0.0,2.0,1.0,0.0,0.0,1.0,0.0,2.0,0.0,0.0,0.0,0.0,1.0,1.0,0.0,0.0,0.0,1.0,2.0,1.0,2.0,0.0,1.0,2.0,0.0,0.0,1.0,1.0,1.0,1.0,1.0,1.0,1.0,1.0,0.0,2.0,0.0,0.0,2.0,1.0,1.0,0.0,1.0,0.0,1.0,2.0,1.0,1.0,1.0,2.0,1.0,2.0,1.0,1.0,2.0,1.0,1.0,2.0,2.0,2.0,1.0,1.0,1.0,2.0,1.0,1.0,1.0,0.0,0.0,2.0,0.0,0.0,2.0,0.0,1.0,1.0,2.0,0.0,2.0,0.0
110,2.0,0.0,0.0,1.0,1.0,0.0,2.0,0.0,0.0,1.0,0.0,0.0,2.0,0.0,2.0,0.0,2.0,0.0,2.0,1.0,2.0,2.0,2.0,2.0,0.0,0.0,2.0,2.0,2.0,2.0,2.0,1.0,0.0,0.0,1.0,0.0,0.0,2.0,2.0,2.0,0.0,1.0,2.0,0.0,2.0,1.0,2.0,1.0,1.0,0.0,2.0,2.0,2.0,1.0,0.0,1.0,0.0,0.0,1.0,0.0,1.0,2.0,1.0,2.0,2.0,1.0,0.0,1.0,1.0,2.0,1.0,1.0,1.0,2.0,1.0,1.0,1.0,0.0,2.0,2.0,0.0,0.0,2.0,2.0,0.0,2.0,1.0,0.0,0.0,1.0,0.0,2.0,0.0,0.0,0.0,0.0,1.0,0.0,1.0,1.0,1.0,1.0,1.0,2.0,0.0,1.0,1.0,2.0,0.0,1.0,1.0,1.0,1.0,1.0,0.0,1.0,1.0,1.0,1.0,1.0,0.0,0.0,2.0,0.0,2.0,1.0,1.0,1.0,2.0,1.0,1.0,1.0,1.0,1.0,1.0,1.0,1.0,1.0,1.0,1.0,0.0,1.0,1.0,1.0,1.0,2.0,2.0,2.0,1.0,1.0,2.0,0.0,0.0,2.0,0.0,0.0,2.0,0.0,2.0,2.0,2.0,1.0,2.0,0.0
111,0.0,0.0,2.0,2.0,0.0,2.0,2.0,0.0,2.0,2.0,0.0,0.0,2.0,0.0,2.0,1.0,1.0,1.0,2.0,1.0,1.0,1.0,1.0,1.0,0.0,0.0,2.0,2.0,1.0,0.0,1.0,0.0,0.0,0.0,2.0,1.0,0.0,2.0,1.0,2.0,0.0,0.0,2.0,0.0,2.0,1.0,2.0,1.0,2.0,0.0,1.0,1.0,1.0,1.0,0.0,1.0,0.0,0.0,1.0,0.0,1.0,1.0,2.0,2.0,2.0,2.0,0.0,0.0,0.0,2.0,2.0,2.0,2.0,0.0,0.0,0.0,0.0,0.0,2.0,2.0,0.0,0.0,2.0,0.0,2.0,0.0,2.0,0.0,2.0,2.0,2.0,2.0,0.0,2.0,2.0,2.0,0.0,0.0,0.0,0.0,0.0,0.0,2.0,2.0,1.0,0.0,1.0,1.0,1.0,1.0,1.0,1.0,1.0,1.0,0.0,1.0,1.0,1.0,0.0,1.0,0.0,0.0,2.0,0.0,2.0,1.0,1.0,0.0,1.0,2.0,0.0,2.0,1.0,1.0,1.0,1.0,0.0,1.0,0.0,2.0,0.0,2.0,1.0,1.0,2.0,0.0,1.0,1.0,1.0,1.0,2.0,1.0,0.0,2.0,0.0,0.0,2.0,0.0,1.0,1.0,2.0,2.0,0.0,0.0
112,1.0,0.0,1.0,2.0,1.0,1.0,2.0,0.0,1.0,1.0,1.0,1.0,1.0,1.0,2.0,1.0,0.0,1.0,1.0,1.0,0.0,0.0,0.0,0.0,0.0,0.0,2.0,2.0,2.0,0.0,1.0,0.0,0.0,0.0,0.0,1.0,0.0,1.0,0.0,1.0,0.0,1.0,2.0,0.0,1.0,1.0,1.0,0.0,1.0,0.0,1.0,1.0,2.0,2.0,2.0,2.0,0.0,2.0,2.0,0.0,0.0,0.0,0.0,0.0,0.0,2.0,2.0,2.0,0.0,2.0,2.0,2.0,2.0,1.0,1.0,0.0,1.0,0.0,2.0,2.0,0.0,0.0,2.0,1.0,2.0,0.0,2.0,1.0,1.0,1.0,1.0,2.0,0.0,1.0,1.0,2.0,0.0,1.0,0.0,0.0,0.0,1.0,2.0,2.0,0.0,1.0,1.0,1.0,1.0,1.0,1.0,1.0,1.0,1.0,0.0,1.0,1.0,1.0,0.0,1.0,1.0,1.0,1.0,0.0,2.0,0.0,1.0,0.0,1.0,2.0,0.0,2.0,2.0,1.0,1.0,1.0,0.0,1.0,0.0,2.0,0.0,2.0,1.0,1.0,2.0,0.0,1.0,1.0,1.0,1.0,2.0,1.0,0.0,2.0,0.0,0.0,2.0,0.0,1.0,0.0,2.0,0.0,2.0,0.0
113,1.0,0.0,1.0,2.0,1.0,1.0,2.0,0.0,0.0,1.0,1.0,1.0,1.0,1.0,2.0,0.0,1.0,0.0,1.0,2.0,1.0,1.0,1.0,1.0,0.0,0.0,2.0,2.0,1.0,0.0,1.0,0.0,0.0,0.0,1.0,2.0,0.0,2.0,0.0,1.0,0.0,1.0,2.0,0.0,1.0,1.0,1.0,1.0,2.0,0.0,1.0,1.0,1.0,1.0,1.0,1.0,0.0,1.0,2.0,0.0,2.0,0.0,2.0,2.0,2.0,2.0,0.0,0.0,0.0,2.0,1.0,1.0,1.0,1.0,0.0,1.0,0.0,0.0,2.0,2.0,0.0,0.0,2.0,1.0,2.0,0.0,2.0,1.0,1.0,1.0,1.0,2.0,1.0,1.0,1.0,2.0,0.0,1.0,0.0,0.0,0.0,1.0,2.0,1.0,2.0,0.0,1.0,2.0,0.0,1.0,0.0,2.0,2.0,2.0,1.0,0.0,0.0,0.0,0.0,2.0,0.0,0.0,2.0,1.0,1.0,0.0,0.0,0.0,2.0,2.0,1.0,1.0,2.0,0.0,0.0,0.0,0.0,2.0,0.0,2.0,1.0,2.0,2.0,2.0,2.0,1.0,2.0,1.0,1.0,1.0,1.0,1.0,0.0,2.0,0.0,0.0,2.0,1.0,1.0,2.0,1.0,1.0,1.0,0.0
114,1.0,0.0,1.0,2.0,1.0,1.0,2.0,0.0,1.0,1.0,2.0,2.0,1.0,2.0,1.0,1.0,0.0,1.0,1.0,1.0,1.0,1.0,1.0,1.0,0.0,0.0,2.0,2.0,1.0,1.0,1.0,0.0,0.0,0.0,1.0,2.0,0.0,2.0,0.0,1.0,0.0,1.0,2.0,0.0,1.0,1.0,1.0,0.0,2.0,0.0,2.0,2.0,2.0,2.0,2.0,2.0,0.0,2.0,2.0,0.0,1.0,0.0,2.0,2.0,2.0,2.0,0.0,0.0,0.0,2.0,1.0,1.0,1.0,1.0,0.0,1.0,0.0,0.0,2.0,2.0,0.0,0.0,2.0,1.0,2.0,0.0,2.0,1.0,1.0,1.0,1.0,2.0,1.0,1.0,1.0,2.0,0.0,1.0,0.0,0.0,0.0,1.0,2.0,2.0,1.0,0.0,1.0,1.0,1.0,1.0,1.0,1.0,1.0,1.0,0.0,1.0,1.0,1.0,0.0,1.0,0.0,0.0,2.0,0.0,2.0,1.0,1.0,0.0,1.0,2.0,1.0,1.0,2.0,2.0,2.0,2.0,0.0,0.0,0.0,2.0,0.0,2.0,2.0,2.0,2.0,0.0,2.0,0.0,2.0,0.0,2.0,0.0,0.0,2.0,0.0,0.0,2.0,0.0,2.0,1.0,2.0,1.0,1.0,0.0
